CC(C)[C@H]1NC(=O)[C@@H](NC(=O)c2ccc(C)c3oc4c(C)c(=O)c(N)c(C(=O)N[C@H]5[C@H](C)OC(=O)[C@H](C(C)C)N(C)C(=O)CN(C)C(=O)[C@@H]6CCCN6C(=O)[C@H](NC5=O)C(C)C)c4nc23)[C@H](C)OC(=O)[C@H](C(C)C)N(C)C(=O)CN(C)C(=O)[C@@H]2CCCN2C1=O	1
CCCCCCC1N=C(N)N=C(N)N1c1ccc(Cl)cc1	1
CCCCCCC1N=C(N)N=C(N)N1c1cccc(Cl)c1	1
Oc1ccc(N=O)c2cccnc12	-1
Oc1ccc(\C=N\N=c2\[nH]c3ccc(cc3s2)N(=O)=O)cc1	-1
Oc1ccc(Br)cc1C(=O)c1cc(Br)ccc1O	-1
CCCCCCCCCCCC[n+]1ccccc1	1
Oc1ccc2ccccc2c1Cc1c(O)ccc2ccccc12	-1
CCN(CC)CCNC(=O)C(Cl)=C1C(Cl)=C(Cl)C(Cl)=C1Cl	-1
COc1ccc2nc(C)cc(NCCCCCCCCCNc3cc(C)nc4ccc(OC)cc34)c2c1	1
Nc1ccc(cc1)C(=C1C=CC(=N)C=C1)c1ccc(N)cc1	1
Cc1cc(ccc1N)C(=C1C=CC(=N)C=C1)c1ccc(N)cc1	1
CN(C)c1ccc(C=Cc2cccc[n+]2C)cc1	1
C[n+]1c(C=Cc2ccc(Cl)cc2)ccc2ccccc12	1
CC1CCCN1CCCOC(=O)c1ccc(OC2CCCC=C2)cc1	-1
CN(C)c1ccc(cc1)-c1sc2cc(C)ccc2[n+]1C	1
OC(C1CCCCN1)c1cc(nc2ccccc12)-c1ccc(Cl)cc1	-1
CC(C)C1N(C)C(=O)CN(C)C(=O)C2CCCN2C(=O)C(*)NC(=O)C(NC(=O)c2ccc(C)c3oc4c(C)c(=O)c(N)c(C(=O)NC5C(C)OC(=O)C(C(C)C)N(C)C(=O)CN(C)C(=O)C6CCCN6C(=O)C(*)NC5=O)c4nc23)C(C)OC1=O	1
Oc1c(O)c(Cl)c(Cl)c(Cl)c1Cl	-1
CN(C)c1ccc(\C=C/C2=[N+](C)c3ccccc3C2(C)C)cc1	1
CN1\C(=C/C=C/C2=[N+](C)c3ccccc3C2(C)C)C(C)(C)c2ccccc12	1
CCCCCCCCCCCCCCCC[N+](C)(C)Cc1ccccc1	1
CN(C)c1cc2nc3cc(N(C)C)c(C)cc3cc2cc1C	1
CN(C)CC(=C)C(=O)c1ccccc1N(=O)=O	-1
CCN(CC)CCC(CNc1c2ccc(cc2nc2cc(OC)c(OC)cc12)N(=O)=O)c1ccccc1	1
CCOc1ccc2nc3cc(N)ccc3c(N)c2c1	1
COC(C1Cc2cc3cc(OC4CC(OC(C)=O)C(OC5CC(O)C(OC)C(C)O5)C(C)O4)cc(O)c3c(O)c2C(=O)C1OC1CC(OC2CC(OC3CC(C)(O)C(OC(=O)C(C)C)C(C)O3)C(O)C(C)O2)C(O)C(C)O1)C(=O)C(O)C(C)O	1
ClC(Cl)C(c1ccc(Cl)cc1)c1ccccc1Cl	-1
O=C1C(CN2CCCCC2)CCCC1CN1CCCCC1	-1
ClC1=C(N2CCN(CC2)C2=C(Cl)C(=O)c3ccccc3C2=O)C(=O)c2ccccc2C1=O	-1
CC1=CC(C(O)C(C)(C)C1)C1\C(C=C(C)CC1(C)C)=N\O	-1
CC[C@H]1CN2CCc3cc(OC)c(OC)cc3[C@@H]2C[C@@H]1C[C@H]1NCCc2cc(OC)c(OC)cc12	1
CCCCCCNc1nc2nc(NCCCCCC)nc(NCCCCCC)c2[nH]1	1
Cc1cc2nc3cc(C)c(N)cc3[n+](-c3ccccc3)c2cc1N	1
Cc1cc(cc(CNC2CCCCC2)c1O)C(C)(C)C	-1
CC[C@]1(O)C[C@H]2CN(C1)CCc1c([nH]c3ccccc13)[C@@](C2)(C(=O)OC)c1cc2c(cc1OC)N(C)[C@@H]1[C@]22CCN3CC=C[C@](CC)([C@@H]23)[C@@H](OC(C)=O)[C@]1(O)C(=O)OC	1
CC(C)C1=C2CCC3(C)C(CCC4C5C6OCC5(CCC6(C)C)CCC34C)C2(C)CC1	-1
COc1ccc-2c(c1)[C@H](CCc1cc(OC)c(OC)c(OC)c-21)NC(C)=O	-1
COc1cc(O)c(C(=O)\C=C\c2ccccc2)c(OC)c1	-1
C[C@H]1C[C@@H]2CC[C@@H](O2)[C@@H](C)C(=O)O[C@H](C)C[C@H]2CC[C@H](O2)[C@H](C)C(=O)O[C@@H](C)C[C@@H]2CC[C@@H](O2)[C@@H](C)C(=O)O[C@H](C)C[C@H]2CC[C@H](O2)[C@H](C)C(=O)O1	1
COc1cc(NCCCCNC(=N)NC(=N)NC(C)C)c2ncccc2c1	1
COc1cc(NCCCCCNC(=N)NC(=N)NC(C)C)c2ncccc2c1	1
O=C(C1N=NCC1c1ccc(cc1)N(=O)=O)c1ccccc1	-1
CN(C)CC\C=C1/c2ccccc2Sc2ccc(Cl)cc12	-1
CC(SC(C)C(=O)NN=Cc1cccc(Cl)c1)C(=O)NN=Cc1cccc(Cl)c1	1
CO[C@@H]([C@@H]1Cc2cc3cc(OC4CC(OC5CC(O)C(OC)C(C)O5)C(OC(C)=O)C(C)O4)c(C)c(O)c3c(O)c2C(=O)[C@H]1OC1CC(OC2CC(OC3CC(C)(O)C(OC(C)=O)C(C)O3)C(O)C(C)O2)C(O)C(C)O1)C(=O)[C@@H](O)[C@@H](C)O	1
CCCCNP1(NCCCC)=NP(NCCCC)(NCCCC)=NP(NCCCC)(NCCCC)=NP(NCCCC)(NCCCC)=N1	1
CCCCCCCCCCCCCCCCOCC(O)CO	-1
NC(=O)C1=C(c2ccccc2C1=O)c1ccccc1	-1
CCCCCCCCCCCC(c1ccccc1)[N+](C)(C)C	1
CCOC(=O)Sc1ncnc2nc[nH]c12	-1
COC1C(C)OC(O[C@H]2C[C@](C)(O)[C@H](C(=O)OC)c3cc4C(=O)c5c6O[C@H]7O[C@](C)([C@H](O)[C@H]([C@@H]7O)N(C)C)c6cc(O)c5C(=O)c4c(O)c23)C(OC)C1(C)OC	1
COc1ccc(OC)c(c1)-c1cc(=O)c2c(OC)c(OC)c(OC)c(OC)c2o1	-1
Cc1cc(C)nc(NC(=N)NCCc2ccccc2)n1	1
OCC1OC(CC1O)n1cc(c(=O)[nH]c1=O)C(F)(F)F	-1
CC1OC2CC(=O)OC2C2=C1C(=O)c1c(O)c3c(C4CC(O)C3(O)C(C)O4)c(O)c1C2=O	-1
Cc1ccc(C[P+](c2ccccc2)(c2ccccc2)c2ccccc2)cc1	1
CC(=O)Nc1ccccc1C=C1c2ccccc2-c2ccccc12	-1
Cc1n(Cc2ccccc2)c2c(C(=O)c3ccccc3C2=O)[n+]1C	1
CC(C)n1c(C=Cc2ccccc2)[n+](C)c2c1C(=O)c1ccccc1C2=O	1
COC1=C(Cl)C(=O)c2ncccc2C1=O	-1
CC(=O)O[C@H]1CC[C@]2(C)[C@H]3CC[C@@]4(C)[C@@H](CC[C@@H]4c4cc(n(n4)C(C)=O)C(F)(F)F)[C@@H]3CC=C2C1	-1
BrCCC[P+](c1ccccc1)(c1ccccc1)c1ccccc1	1
OC(=O)c1ccc2C(=O)c3ccccc3-c3ncnc1c23	-1
ClCC(=O)c1ccc(o1)N(=O)=O	-1
CCOc1ccc2[n+](C)c(\C=C/c3cc(C)c4cccnc4c3O)ccc2c1	1
CCC(C)C1NC(=O)C(NC(=O)c2ccc(C)c3oc4c(C)c(=O)c(N)c(C(=O)NC5C(C)OC(=O)C(C(C)C)N(C)C(=O)CN(C)C(=O)C6CCCN6C(=O)C(NC5=O)C(C)CC)c4nc23)C(C)OC(=O)C(C(C)C)N(C)C(=O)CN(C)C(=O)C2CCCN2C1=O	1
CC1(C)N=C(N)N=C(N)N1CCCCc1ccccc1	1
NCCCc1ccc2oc3ccccc3c2c1	-1
CC[C@]12CN3C[C@H](C[C@@](C(=O)OC)(c4[nH]c5ccccc5c4CC3)c3cc4c(cc3OC)N(C)[C@@H]3[C@]44CCN5CC=C[C@](CC)([C@@H]45)[C@@H](OC(C)=O)[C@]3(O)C(=O)OC)[C@H]1O2	1
CCCCCCCCCc1c(Cl)nc(Cl)nc1Cl	-1
CCC[Sn](Cl)(Cl)CCC	-1
Cc1c2cc(Cl)c3ccccc3c2c[n+]2ccccc12	1
CCN(CC)CCNc1ccc(N=Nc2cnc3ccccc3c2)c2ccccc12	-1
COc1cc(Cc2nccc3cc(OC)c(OC)cc23)c(cc1OC)C(C)=O	1
CC1(C)N=C(N)N=C(N)N1c1ccc(CCCCc2ccc(Cl)cc2Cl)cc1	1
NC(=S)N\N=C\c1ccc(O)cn1	-1
Cc1cc2c3ccccc3ccc2[n+]2ccccc12	1
Oc1ccc2ccccc2c1Cc1c([nH]c(=S)[nH]c1=O)-c1ccccc1	-1
Oc1ccc(Cl)cc1C=Nc1cnc2ccccc2c1	-1
Cc1cc(NC(=O)CCc2ccc(cc2)N2C(N)=NC(N)=NC2(C)C)ccc1S(F)(=O)=O	1
Cc1cc(Nc2ccc(cc2)\N=N\c2ccc(O)c3ncccc23)nc(C)n1	-1
CC(CO)(CO)\N=C\c1cc(I)cc(I)c1O	-1
COC1C(C)OC(OC2CC(C)(O)C(C(=O)OC)c3cc4C(=O)c5c6OC7OC(C)(C(O)C(C7O)N(C)(C)=O)c6cc(O)c5C(=O)c4cc23)C(OC)C1(C)OC	1
Cc1ccc(cc1)[S+](c1ccccc1)c1cc(C)ccc1C	1
Cc1ccc(NC2=CC(=O)C(=O)c3ccccc23)c(C)c1	-1
Brc1ccc2NC(=O)C(=NNc3ccccc3N(=O)=O)c2c1	-1
Nc1nc(N)c(N=Nc2ccc(c(O)c2)[As](O)(O)=O)c(N)n1	1
Cc1ccc(cc1)S(=O)(=O)Nc1ccccc1C=O	-1
NC(=N)SCCN1CCCCC1	-1
Cc1cc(NC(=O)NCc2ccc(cc2)N2C(N)=NC(N)=NC2(C)C)ccc1S(F)(=O)=O	1
CC(=O)O[C@@H]1C2=C(C)[C@H](C[C@@](O)([C@@H](OC(=O)c3ccccc3)[C@@H]3[C@@]4(CO[C@@H]4C[C@H](O)[C@@]3(C)C1=O)OC(C)=O)C2(C)C)OC(=O)[C@H](O)[C@@H](NC(=O)c1ccccc1)c1ccccc1	1
C[C@H]1[C@@H](O)[C@@]2(O)OC[C@]34[C@H]2[C@@]2(C)[C@H](O)C(=O)C=C(C)[C@@H]2C[C@H]3OC(=O)[C@H](OC(C)=O)[C@@H]14	1
CN(C)CC1CCCCCC(Br)C1=O	-1
CC[C@H]1CN2CCc3cc(OC)c(OC)cc3[C@@H]2C[C@@H]1C[C@H]1NCCc2c1[nH]c1ccc(O)cc21	1
CC1(C)N=C(N)N=C(N)N1c1ccc(OCC(=O)Nc2ccccc2)c(Cl)c1	1
CC1(C)N=C(N)N=C(N)N1c1cccc(CCCCc2ccccc2)c1	1
CC1(C)N=C(N)N=C(N)N1c1ccc(CCCCCCc2ccc(cc2)S(F)(=O)=O)cc1	1
Cc1cccc(NC(=O)CCc2ccc(cc2)N2C(N)=NC(N)=NC2(C)C)c1	1
CCCCCCCCCC1CC(=O)NCC(=O)NC(C(C)C)C(=O)NC(CC(C)C)C(=O)NC(C)C(=O)NC(C(C)C)C(=O)O1	1
Cl[C@H]1CC[C@@H](NC1)[C@@H]1NC(=O)[C@@H](NC1=O)[C@H]1CC[C@H](Cl)CN1	-1
OC1C(O)C(OC2Cc3c(O)cc(O)cc3OC2c2ccc(O)c(O)c2)(Oc2cc(O)cc(O)c12)c1cc(O)c(O)c(O)c1	-1
COc1cc2c[n+](C)c3c(ccc4cc5OCOc5cc34)c2cc1OC	1
CCCCCCCC(=O)OCC(=O)[C@@]1(O)C[C@H](OC2CC(N)C(O)C(C)O2)c2c(O)c3C(=O)c4c(OC)cccc4C(=O)c3c(O)c2C1	1
BrC(C(Br)c1ccnc2ccccc12)C(=O)c1ccc(cc1)N(=O)=O	-1
Cc1c2cccc3[S+](Cc(c23)c2c(Sc3ccccc3)cccc12)c1ccccc1	1
CCN(CC)CCCC(C)Nc1ccnc(\C=C\c2ccc(Cl)cc2)c1	-1
COC(=O)[C@]12OC[C@@]34[C@@H](C[C@H]5C(C)=C(O)C(=O)C[C@]5(C)[C@H]3[C@@H](O)[C@@H]1O)OC(=O)[C@H](OC(=O)\C=C(/C)C(C)C)[C@@H]24	1
CCC1CN2C(=N1)c1ccccc1-c1cc(Cl)ccc21	-1
CSc1ccc(NC(=O)CCl)cc1	-1
ClC(Cl)c1cnc(C#N)c(Cl)n1	-1
ClCCN(CCCl)CCN1C(=O)NC2(CCCCC2)C1=O	-1
C[n+]1c(C=CC=CN2CCCCC2)sc2ccccc12	1
CCCCCCCCCCCC[N+]1(CCCCCCCCCCCC)CCCC(C)C1	1
Oc1c(Br)cc(Br)cc1C=NNC(=O)N\N=C\c1cc(Br)cc(Br)c1O	-1
Oc1ccc(Br)cc1C=Nc1cccc(c1)C(F)(F)F	-1
Cc1cc(O)c2C(=O)C=CC(=O)c2c1	-1
COc1cc(CC2N(C)CCc3cc(OC)c(OC)cc23)c(Oc2cc3CC4N(C)CCc5cc(OC)c(O)c(-c3cc2OC)c45)cc1OC	-1
CC1CC(O)\C=C(C)\CCC=C(C)CC(O)C2CC1OC(=O)C2=C	-1
C(CCCNc1c2ccccc2nc2ccccc12)CCNc1c2ccccc2nc2ccccc12	1
COc1cccc2C(=O)c3c(O)c4C[C@](O)(C[C@H](OC5CC(N)C(O)C(C)O5)c4c(O)c3C(=O)c12)C(C)=NNC(=O)c1cccc(c1)N(=O)=O	1
COc1ccc(CC2N(C)C(=O)C(C)NC(=O)C(C)NC(=O)C3Cc4ccc(O)c(Oc5ccc(cc5)C(O)C(N(C)C(=O)C(C)NC2=O)C(=O)N3C)c4)cc1	1
OCC1=C(CO)C(=O)c2c(O)ccc(O)c2C1=O	-1
CO\N=C1/CC(C)N2C1C(=O)N(C)CC(=O)N(C)C(C)C(=O)OC(CO)C(NC(=O)c1c(N)c(=O)c(C)c3oc4c(C)ccc(C(=O)NC5C(C)OC(=O)C(C(C)C)N(C)C(=O)CN(C)C(=O)C6C(O)CC(C)N6C(=O)C(NC5=O)C(C)C)c4nc13)C(=O)NC(C(C)C)C2=O	1
COC(=O)[C@@]12OC[C@@]34[C@H]1C(OC(C)=O)C(=O)O[C@@H]3C[C@H]1C(C)=CC(=O)[C@@H](O)[C@]1(C)[C@H]4[C@@H](O)[C@@H]2O	1
CC1C(OC(=O)\C=C\C=C\c2ccccc2)C2(OC3(OC2C2C4OC4(CO)C(O)C4(O)C(C=C(C)C4=O)C12O3)c1ccccc1)C(C)=C	-1
CC(=O)OC12COC1CC(O)C1(C)C2C(OC(=O)c2ccccc2)C2(O)CC(O)C(C)=C(C(O)C1=O)C2(C)C	1
CNC(=O)ON(C(C)=O)C(=O)NC	-1
COC1CC(C)CC2=C(N)C(=O)C=C(NC(=O)\C(C)=C\C=C/C(OC)C(OC(N)=O)\C(C)=C\C(C)C1O)C2=O	1
COc1ccc2c(NCCCCCCNc3c4ccccc4nc4cc(OC)ccc34)c3ccccc3nc2c1	1
COc1ccc2c(NCCCCCCCCNc3c4ccccc4nc4cc(OC)ccc34)c3ccccc3nc2c1	1
COC1C(C)OC(OC2CC(C)(O)Cc3cc4C(=O)c5c6OC7OC(C)(C(O)C(C7O)N(C)C)c6cc(O)c5C(=O)c4c(O)c23)C(OC)C1(C)OC	1
CCCCCCCCCCCCCCCC[N+](C)(CCO)Cc1c[nH]cn1	1
CC[n+]1c(-c2ccccc2)c2cc(N)ccc2c2ccc(N)cc12	1
CC(O)C1OCC(O)C(C)CC(=O)OCC23CC(O)C(C)=CC2OC2CC(OC(=O)\C=C\C=C\1)C3(C)C21CO1	1
C[C@@H](O)[C@@H]1OC[C@H](O)[C@@]2(C)O[C@@H]2C(=O)OC[C@]23C[C@@H](O)C(C)=C[C@H]2O[C@@H]2C[C@@H](OC(=O)\C=C/C=C/1)[C@@]3(C)C21CO1	1
C[C@H](O)[C@@H]1OC[C@H](O)[C@@]2(C)O[C@@H]2C(=O)OCC23CC[C@@]4(C)O[C@H]4[C@H]2O[C@@H]2C[C@@H](OC(=O)\C=C/C=C/1)[C@@]3(C)[C@]21CO1	1
CN(C)c1ccc(cc1)C(=C1C=CC(C=C1)=[N+](C)C)c1ccc(cc1)N(C)C	1
COC(=O)C12OCC34C1C(OC(=O)CC(C)C)C(=O)OC3CC1C(C)=CC(=O)C(O)C1(C)C4C(O)C2O	1
C(C[P+](c1ccccc1)(c1ccccc1)c1ccccc1)N1Cc2ccccc2C1	1
Oc1cccc2cccnc12	-1
OCCNCCNc1ccc(NCCNCCO)c2C(=O)c3ccccc3C(=O)c12	1
CC1C(O)C2(O)OCC34C2C2(C)C(O)C(=O)C=C(C)C2C(OC(=O)C=C(C)C)C3OC(=O)CC14	1
CC12OC1(C)C(=O)C1COC(=O)C21	-1
CCCCC(=O)OC1C(OC(=O)C(\C)=C\C)C(C)=C2C3OC(=O)C(C)(O)C3(O)C(CC(C)(OC(C)=O)C12)OC(=O)CCCC	1
O=C1C(SC(=S)N1Cc1ccccc1)C1Sc2ccccc2NC1=O	-1
CNC(=N)NN=C(C)c1ccc-2c(Cc3cc(ccc-23)C(C)=NNC(=N)NC)c1	1
CN(C(C)=O)c1ccc(Nc2cc(C)nc3ccc4nc[nH]c4c23)cc1	1
OC(=O)c1cnc2cc(OCc3ccccc3)ccc2c1O	-1
Cc1c2[nH]c3ccc(O)cc3c2c(C)c2c[n+](CCN3CCCCC3)ccc12	1
FC(COC(=O)OCC(F)(N(=O)=O)N(=O)=O)(N(=O)=O)N(=O)=O	-1
COc1cc2c3C(=O)c4cc5OCOc5cc4-c3n(C)c(=O)c2cc1OC	-1
CCN(CC)Cc1cc2[nH]c3c(cnc4cc(Cl)ccc34)c2cc1OC	-1
C[C@H](N)C(=O)N[C@@H]1[C@@H]2[C@@H](O)[C@H](O)CC(O)=C2C(=O)O[C@]1(C)C(Cl)Cl	1
CCN(CC)c1ccc2nc3c(cc(=NC(=O)c4ccccc4-c4c5ccc(cc5[o+]c5cc(ccc45)N(CC)CC)N(CC)CC)c4ccccc34)oc2c1	-1
CCCCS(=N)(=O)CCC(N)C(O)=O	-1
CC(O)C1OCCC(C)C(O)C(=O)OCC23CC(O)C4(C)OC4C2OC2CC(OC(=O)\C=C\C=C\1)C3(C)C21CO1	1
CC1COC2(CC1OC(=O)C=Cc1ccccc1)OC1CC(CCC1C21CO1)C(=O)OC1OC(C)C(O)C(OC(C)=O)C1OC1OC(C)C(O)C(OC(C)=O)C1O	1
COC1CC(C)C(OC)c2cc(O)cc(NC(=O)\C(C)=C\C=C/C(C)C(OC(N)=O)\C(C)=C/C(C)C1OC)c2O	1
CO[C@H]1C[C@H](C)CC2=C(NCC=C)C(=O)C=C(NC(=O)\C(C)=C\C=C/[C@H](OC)[C@@H](OC(N)=O)\C(C)=C\[C@H](C)[C@H]1O)C2=O	1
CC12OC(=O)C3(O)CCC4C(CC5OC55CC=CC(=O)C45C)C45OC13C(C4=O)C1(C)CC2OC(=O)C1CO5	-1
CCOc1ccc(cc1)-c1nc2cc(ccc2[nH]1)-c1nc2cc(ccc2[nH]1)N1CCN(C)CC1	1
Cc1[n+](C)ccc2c(C)c3[nH]c4ccccc4c3cc12	1
CCCC(=O)NC1CCc2cc(OC)c(OC)c(OC)c2-c2ccc(OC)c(=O)cc12	1
CCOc1cc2c(OCc3ccccc3)cc3c4cc(OC)c(OC)cc4c[n+](C)c3c2cc1OC	1
COc1cc(O)c2c(c1)C(O)C(O)CC1OC1C(=O)\C=C\CC(C)OC2=O	-1
CC[C@H](C)C(=O)O[C@H](C)C1(O)C(C)OC(CC1OC)OC1C(O)C(OC(COC(C)=O)C1OC(=O)C(=C\C)\N=C=S)[C@]1(O)CC(=O)C(N)=C(C(O)=O)C1=O	1
COC1=C(C)C(=O)C2=C(C(CNC(=O)C(C)O)N3C(C2)C2N(C)C(CC4=C2C(=O)C(OC)=C(C)C4=O)C3C#N)C1=O	1
NC(=N)c1ccc(cc1)N=Nc1c(O)ccc2c3ccccc3[nH]c12	1
OCCNCCNc1ccc2n(CCNCCO)nc3-c4cccc(O)c4C(=O)c1c23	1
COC(=O)[C@]1(C)CCC[C@@]2(C)[C@@H]3C[C@@H]4[C@H]5C[C@]3(C[C@@]45C)CC[C@H]12	-1
COc1cc2c[n+](C)c3c4cc(OC)c(OCc5ccccc5)cc4c(OCc4ccccc4)cc3c2cc1OC	1
COC1C(O)CC(OC2C(O)CC(OC3CC(OC4C(C)CC(C)C5C4C=CC4\C(C)=C/CC(OC6CC(C)(C(NC(=O)OC)C(C)O6)N(=O)=O)\C(C)=C/C6C=C(CO)C(C)CC66OC(=O)C(=C6O)C(=O)C54C)OC(C)C3O)OC2C)OC1C	1
OCCNCCNc1cccc2C(=O)c3c(NCCNCCO)cccc3C(=O)c12	1
OCCNCCCNc1cccc2C(=O)c3c(NCCCNCCO)cccc3C(=O)c12	1
COc1ccc2nccc(NCCCN3CCN(CCCNc4ccnc5ccc(OC)cc45)CC3)c2c1	1
COc1ccc2[nH]c3c(ccc4n(CCCN(C)C)nc(c34)c2c1)N(=O)=O	-1
CC1(C)N=C(N)N=C(N)N1c1cccc(CSc2ccccc2)c1	1
OCC(CCc1c[nH]c2ccccc12)c1c[nH]c2ccccc12	-1
CCc1nc(N)nc(N)c1-c1ccc(NCCN)c(c1)N(=O)=O	1
COc1c(OC(C)=O)c(OC(C)=O)cc2CCC(NC(C)=O)c3cc(=O)c(SC)ccc3-c12	1
COc1cc2CCc3ccccc3-c2cc1C[N+](C)(C)CSc1ccccc1	1
On1c(nc2ccccc2c1=O)-c1cccc(c1)N(=O)=O	-1
CN(C)CC(=C)C(=O)c1cc(C)ccc1C	-1
COc1ccc(cc1OC)-c1coc2c3OCOc3ccc2c1=O	-1
CC(=O)NC1CCc2ccccc2-c2ccc(N)c(=O)cc12	1
C1CCC2=C[N]3=C(C=C2C1)c1[nH]c2ccccc2c1C=C3	1
ClCc1ccc(CCl)c(c1)N(=O)=O	-1
CSC1SCC2N(C)C(=O)C(C)NC(=O)C(COC(=O)C(C(C)C)N(C)C(=O)C1N(C)C(=O)C(C)NC(=O)C(COC(=O)C(C(C)C)N(C)C2=O)NC(=O)c1cnc2ccccc2n1)NC(=O)c1cnc2ccccc2n1	1
CC(=O)O[C@@H]1C2=C(C)C(C[C@@](O)(C(OC(=O)c3ccccc3)C3C4(COC4C[C@H](O)[C@@]3(C)C1=O)OC(C)=O)C2(C)C)OC(=O)[C@H](OC(=O)CCC(O)=O)C(NC(=O)c1ccccc1)c1ccccc1	1
CC(=O)O[C@@H]1C2=C(C)C(C[C@@](O)(C(OC(=O)c3ccccc3)C3C4(COC4C[C@H](OC(=O)CCC(O)=O)[C@@]3(C)C1=O)OC(C)=O)C2(C)C)OC(=O)[C@H](OC(=O)CCC(O)=O)C(NC(=O)c1ccccc1)c1ccccc1	1
CN(C)Cc1nc2cccc3cccc([nH]1)c23	-1
ClC1=C(Cl)C(=O)OC1OCC(Br)=C(Br)COC1OC(=O)C(Cl)=C1Cl	-1
CC1=CC2O[C@@H]3CC4OC(=O)\C=C/C=C/C56OCCC7(OC7C(=O)OCC2(CC1)[C@]4(C)[C@]31CO1)C5OC(O)C6O	-1
CNC1C(=O)C(C)C(O)(C(CC(C)C(O)\C=C\C=C\CNC(=O)C(C)(C)C(O)C(C)=CC=C\C=C\Cc2cnc(C)o2)OC)C11C(COC)OC1=O	1
CC(=O)C(=Cc1ccc(C=C(C(C)=O)C(C)=O)cc1)C(C)=O	-1
CCC1=C[C@@H]2CN(C1)Cc1c([nH]c3ccccc13)[C@@](C2)(C(=O)OC)c1cc2c(cc1OC)N(C)[C@@H]1[C@]22CCN3CC=C[C@](CC)([C@@H]23)[C@@H](OC(C)=O)[C@]1(O)C(=O)OC	1
CN(C)CCCNC(=O)CCCC(=O)OC(C(NC(=O)c1ccccc1)c1ccccc1)C(=O)O[C@H]1C[C@@]2(O)C(OC(=O)c3ccccc3)C3C4(COC4C[C@H](O)[C@@]3(C)C(=O)[C@H](OC(C)=O)C(=C1C)C2(C)C)OC(C)=O	1
CCOC(=O)C(C#N)C1=CC(=O)C(=O)c2ccc(OC)cc12	-1
CCOC(=O)Oc1cc2CCC(NC(C)=O)c3cc(=O)c(OC)ccc3-c2c(OC)c1OC	1
COc1c(OC(C)=O)c(OC(C)=O)cc2CCC(NC(C)=O)c3cc(=O)c(OC)ccc3-c12	1
c1ccc(cc1)[As+](c1ccccc1)(c1ccccc1)c1ccccc1	1
CCc1ccccc1NC(=O)C(C#N)C1=C(Cl)C(=O)c2ccccc2C1=O	-1
CCN(CC)CC[n+]1ccc2c(C)c3[nH]c4ccc(O)cc4c3c(C)c2c1	1
C[N+](C)(C)CC1CCCC1=O	-1
COc1cc2C(Cl)C(=C(Cl)c2cc1OC)c1ccc(Br)cc1	-1
CCCCCCCCCCCCCCCCCCOCC(COCCOCC[N+]1(CCCCCC(O)=O)CCCC1)Oc1ncccn1	1
FC(F)(F)c1cc(c2n[se]nc2c1)N(=O)=O	-1
NC(=N)NCCCC(NCc1c2ccccc2nc2ccccc12)C(O)=O	-1
CC(=O)O[C@@]12CO[C@@H]1C[C@H](O)[C@]1(C)[C@@H]2[C@H](OC(=O)c2ccccc2)[C@]2(O)C[C@H](OC(=O)[C@H](O)[C@@H](NC(=O)OC(C)(C)C)c3ccccc3)C(C)=C([C@@H](O)C1=O)C2(C)C	1
C\C=C1/NC(=O)[C@H]2CSSCC\C=C\[C@H](CC(=O)N[C@H](C(C)C)C(=O)N2)OC(=O)[C@H](C(C)C)NC1=O	1
CCC(C)SC1SCC2N(C)C(=O)C(C)NC(=O)C(COC(=O)C3(CC3C)N(C)C(=O)C1N(C)C(=O)C(C)NC(=O)C(COC(=O)C1(CC1C)N(C)C2=O)NC(=O)c1nc2ccccc2cc1O)NC(=O)c1nc2ccccc2cc1O	1
Cc1c(Cl)cccc1NC(=O)CC1Sc2ccccc2NC1=O	-1
NC(=O)C(=O)n1ncc(Cl)c(Cl)c1=O	-1
CC[C@@]1(O)C(=O)OCc2c1cc1-c3nc4cc5OCOc5cc4cc3Cn1c2=O	-1
C[N+]1(C)C\C(=C/C=C/c2ccccc2)C(=O)\C(C1)=C\C=C\c1ccccc1	1
COc1ccc2[nH]c3c(C)c4C=CN(C)Cc4c(C)c3c2c1	1
CCOC(=O)C(=O)NNc1nc2c(s1)C(=O)c1ccccc1C2=O	-1
Cc1c2sc3ccccc3c2c(C)c2c[n+](C)ccc12	1
Cc1c2oc3ccccc3c2c(C)c2c[n+](C)ccc12	1
Cc1ccc2[nH]c3c(C)c4cc[n+](C)cc4c(C)c3c2c1	1
CCCCCCCCC=C1CCC(CN2CCOCC2)C1=O	-1
COCC(NC1CC(OC2CC(O)(Cc3c(O)c4C(=O)c5cccc(OC)c5C(=O)c4c(O)c23)C(=O)CO)OC(C)C1O)C#N	1
CC1OC(Oc2cccc3c(O)c4c5c(oc(=O)c6c(C)ccc(oc4=O)c56)c23)C(OC2OC(C)C(O)C(O)C2O)C2O[C@@H](OC12)c1ccccc1	1
CC(C)Cc1ccc(cc1)C(C)C=C1CCC(CN2CCOCC2)C1=O	-1
CC[n+]1c(C=Cc2ccc(cc2)N(CCCl)CCCl)ccc2cc(NC(=O)C=Cc3ccccc3)ccc12	1
CCCC[Sn](CCCC)(OC(=O)c1cccc(F)c1F)O[Sn](CCCC)(CCCC)OC(=O)c1cccc(F)c1F	-1
CN(C)CCCNc1ncc(C)c2[nH]c3ccc4cc(O)ccc4c3c12	1
Cc1occc1C(=S)Nc1ccc(Cl)c(COC(C)(C)C)c1	-1
COc1ccc2c[n+](C)c3c(ccc4cc(OC)c(OC)cc34)c2c1	1
[Cl-][Pt+4]1([Cl-])([Cl-])([Cl-])NC[Si]2(CCCC2)CN1	-1
Cc1nc2cc(ccc2[nH]1)N=Nc1c(O)ccc2ccccc12	-1
OCCN(CCO)CCNc1c2ccccc2nc2cccc(c12)N(=O)=O	1
CN(C)CCCNc1ccc2nnn3c2c1c(=O)c1cc(ccc31)N(=O)=O	-1
[Cl-][Rh+3]123([Cl-])[N]4=CC=C(c5ccccc5)c5ccc6c(c45)[N]1=CC=C6c1ccccc1.C1=C(c4ccccc4)c4ccc5c(c4[N]2=C1)[N]3=CC=C5c1ccccc1	1
COc1ccc(cc1)C(CC1OC(=O)c2ccccc12)=NNC(=O)C[N+](C)(C)C	-1
CC(=O)O[C@@H]1C2=C(C)[C@H](C[C@@](O)(C(OC(=O)c3ccccc3)C3[C@@]4(CO[C@@H]4C[C@H](O)[C@@]3(C)C1=O)OC(C)=O)C2(C)C)OC(=O)C(O)[C@@H](NC(=O)c1ccc(Cl)cc1)c1ccccc1	1
OCc1ccc(s1)-c1ccc(o1)-c1ccc(CO)s1	-1
CCCCCCCCCCCCC(=O)OC(c1cnco1)c1nc(co1)C(O)CC(O)C(O)C(C)O	1
Cc1ccc(c2c(NCCCN(C)(C)=O)c3ccccc3nc12)N(=O)=O	1
Oc1ccccc1C(=O)NNC(C#N)c1c(O)ccc2ccccc12	-1
COc1cccc2C(=O)c3c(O)c4C[C@](O)(CC(OC5CC(N)C(OC6CCCCO6)C(C)O5)c4c(O)c3C(=O)c12)C(=O)CO	1
CC[C@@]12C=CCN3CCC4([C@H]13)C(N(C)c1cc(OC)c(cc41)[C@]1(CC3CN(CC4CCCCC34)CCc3c1[nH]c1ccccc31)C(=O)OC)[C@@](O)(C2OC(C)=O)C(=O)OC	1
CCN(CC)CCN1C(=O)c2c(C1=O)c1c3cccc(Cl)c3n(C3OC(CO)C(OC)C(O)C3O)c1c1[nH]c3c(Cl)cccc3c21	1
CCCCCCCCCCCCCCCCCCNC(=O)OCC(CNS(=O)(=O)CCC[n+]1cccc2ccccc12)COC	1
Oc1cccc2C(=O)C(=C(Cl)C(=O)c12)c1ccc(cc1)N(=O)=O	-1
O=c1cc([nH]c2cc3OCOc3cc12)-c1cccnc1	-1
Cn1cnc(SC2=CC(=O)C=C3SC4C[C@@]23C2=C(N4)C(=O)c3[nH]cc4CCN=C2c34)c1CC(N)C(O)=O	1
COC(=O)[C@]1(Cc2ccc3ccccc3c2)CCCCCCN1C(=O)c1ccccc1	-1
O=C1Nc2ccccc2\C1=N\Nc1nc(cs1)-c1cccc(c1)N(=O)=O	-1
CCOC(=O)c1sc(N\N=C2/NC(=O)C(S2)=Cc2ccc(cc2)N(=O)=O)nc1C	-1
COc1cc(\C=C2/Sc3scc(-c4cccc(c4)N(=O)=O)[n+]3C2=O)cc(OC)c1OC	-1
CC(C)(Cl)C(Br)CCC(Br)(CBr)C=C	-1
COc1ccc(C=CC(=NNC(=O)NN=C(C=Cc2ccc(OC)cc2)C(C)C)C(C)C)cc1	-1
CCCCCCCCCCCCCC\C(OC(C)=O)=C\OCC[N+](C)(C)C	1
COC1(C)CP(=O)(CC(C)=C1Cl)OC(C)C	-1
Cc1cc(O)c2C(=O)C(Br)=CC(=O)c2c1	-1
CN(C)CCNC(=O)C(C)(C)Oc1ccc(cc1Cl)C(=O)c1ccc(Cl)cc1	-1
CC(C)(CN1CCCCC1)\C(\C=C\c1ccc(Cl)c(Cl)c1)=N/NC(=O)N\N=C(\C=C\c1ccc(Cl)c(Cl)c1)/C(C)(C)CN1CCCCC1	-1
CCCCCCCCCCC[N+]1(Cc2ccccc2)CC2CCN(Cc3ccccc3)CC2C1	1
CCCNC1=C2CC(C)CC(OC)[C@@H](O)[C@H](C)\C=C(C)\C(OC(N)=O)C(OC)\C=C/C=C(C)/C(=O)NC(=CC1=O)C2=O	1
NC(=O)[C@H](Cc1ccc(O)cc1)NC1=C(Cl)C(=O)c2c(O)ccc(O)c2C1=O	-1
CCCC(=O)Oc1cc2CCC(NC(C)=O)c3cc(=O)c(SC)ccc3-c2c(OC)c1OC	1
CN(CCO)CC(=O)CC(O)(C(F)(F)F)C(F)(F)F	-1
COc1ccc(cc1)[C@H](NC(=O)c1ccccc1)[C@@H](O)C(=O)O[C@H]1C[C@@]2(O)C(OC(=O)c3ccccc3)C3[C@@]4(CO[C@@H]4C[C@H](O)[C@@]3(C)C(=O)[C@H](OC(C)=O)C(=C1C)C2(C)C)OC(C)=O	1
CC(=O)O[C@@H]1C2=C(C)C(C[C@@](O)(C(OC(=O)c3ccccc3)[C@@H]3[C@@]4(CO[C@@H]4C[C@H](O)[C@@]3(C)C1=O)OC(C)=O)C2(C)C)OC(=O)C(O)[C@@H](NC(=O)C(C)(C)C)c1ccccc1	1
CC(=O)O[C@@H]1C2=C(C)[C@H](C[C@@](O)(C(OC(=O)c3ccccc3)[C@@H]3[C@@]4(CO[C@@H]4C[C@H](O)[C@@]3(C)C1=O)OC(C)=O)C2(C)C)OC(=O)C(O)[C@@H](NC(=O)CC(C)(C)C)c1ccccc1	1
CC(C)CC(=O)N[C@H]([C@@H](O)C(=O)O[C@H]1C[C@@]2(O)[C@@H](OC(=O)c3ccccc3)[C@@H]3[C@]4(CO[C@@H]4C[C@H](O)[C@@]3(C)C(=O)[C@H](OC(C)=O)C(=C1C)C2(C)C)OC(C)=O)c1ccccc1	1
Clc1ccc(\C=N\C23CC4CC(CC(C4)C2)C3)cc1N(=O)=O	-1
ClC(Cl)=C(Cl)C(Sc1ccccc1)=C(Cl)N(=O)=O	-1
OC(C1CCCC1)(C(=O)OC1CCN(CCCC(=O)c2ccccc2)CC1)c1ccccc1	-1
CCCCCCCCCCCC1N=C(N)NC(CCCO)=C1C(=O)OC	1
CCC(C)C1NC(=O)C(NC(=O)C(CC(C)C)N(C)C(=O)[C@@H]2CCCN2)C(C)OC(=O)[C@H](Cc2ccc(OC)cc2)N(C)C(=O)[C@@H]2CCCN2C(=O)[C@H](CC(C)C)NC(=O)C(C)C(=O)[C@@H](OC(=O)CC1O)C(C)C	1
CCC(C)C1NC(=O)C(NC(=O)C(CC(C)C)N(C)C(=O)[C@@H]2C=CCN2C(=O)[C@H](C)O)C(C)OC(=O)[C@H](Cc2ccc(OC)cc2)N(C)C(=O)[C@@H]2CCCN2C(=O)[C@H](CC(C)C)NC(=O)C(C)C(=O)[C@@H](OC(=O)CC1O)C(C)C	1
CCC(C)C1NC(=O)C(NC(=O)C(CC(C)C)N(C)C(=O)[C@@H]2CC(O)CN2C(=O)[C@H](C)O)C(C)OC(=O)[C@H](Cc2ccc(OC)cc2)N(C)C(=O)[C@@H]2CCCN2C(=O)[C@H](CC(C)C)NC(=O)C(C)C(=O)[C@@H](OC(=O)CC1O)C(C)C	1
CCC(C)C1NC(=O)C(NC(=O)C(CC(C)C)N(C)C(=O)[C@@H]2CC(O)CN2)C(C)OC(=O)[C@H](Cc2ccc(OC)cc2)N(C)C(=O)[C@@H]2CCCN2C(=O)[C@H](CC(C)C)NC(=O)C(C)C(=O)[C@@H](OC(=O)CC1O)C(C)C	1
Nc1cc(CO)cc(Nc2c3ccccc3nc3ccccc23)c1	-1
COc1cccc(C2C(C)C(Oc3cc4OCOc4cc23)N2CCOCC2)c1O	-1
N1c2ccccc2[P+]2(c3ccccc13)c1ccccc1Nc1ccccc21	1
O=P1(Cc2ccccc2)c2ccccc2-c2ccccc12	1
CC(O)C(C)(O)C(=O)N[C@H]([C@@H](O)C(=O)OC1C[C@@]2(O)[C@@H](OC(=O)c3ccccc3)[C@@H]3[C@@]4(CO[C@@H]4C[C@H](O)[C@@]3(C)C(=O)[C@H](OC(C)=O)C(=C1C)C2(C)C)OC(C)=O)c1ccccc1	1
CC(=O)O[C@@H]1C2=C(C)C(C[C@@](O)([C@@H](OC(=O)c3ccccc3)[C@@H]3[C@@]4(CO[C@@H]4C[C@H](O)[C@@]3(C)C1=O)OC(C)=O)C2(C)C)OC(=O)[C@H](O)[C@@H](NC(=O)c1ccccc1)c1ccc2ccccc2c1	1
O=N(=O)c1cccc2nc3ccccc3c(NCCCN3(=O)CCOCC3)c12	1
O=N(=O)c1cccc2nc3ccccc3c(NCCCN3(=O)CCCCC3)c12	1
CN(CCN(C)C(=S)NN=C(C)c1ccccn1)C(=S)NN=C(C)c1ccccn1	-1
COc1ccc(cc1)C1C(C)C(NNC(N)=O)Oc2cc3OCOc3cc12	-1
C=C1CC(COc2ccc3ccc(=O)oc3c2)(OC1=O)c1ccccc1	-1
Cc1cc(=O)oc2cc(OCC3(CC(=C)C(=O)O3)c3ccccc3)ccc12	-1
O=C(C=P(c1ccccc1)(c1ccccc1)c1ccccc1)c1ccccc1-c1ccccc1C(=O)C=P(c1ccccc1)(c1ccccc1)c1ccccc1	1
CCSC(=O)\C=C1/CN(C1C(=O)OC(C)(C)C)C(=O)OC(C)(C)C	-1
CC(C)C1N(C)C(=O)CN(C)C(=O)C2CCCN2C(=O)C(Cc2ccccc2)NC(=O)C(NC(=O)c2ccc(C)c3oc4c(C)c(=O)c(N)c(C(=O)NC5C(C)OC(=O)C(C(C)C)N(C)C(=O)CN(C)C(=O)C6CCCN6C(=O)C(Cc6ccccc6)NC5=O)c4nc23)C(C)OC1=O	1
CC(C)C1N(C)C(=O)CN(C)C(=O)C2CCCN2C(=O)C(Cc2ccc(O)cc2)NC(=O)C(NC(=O)c2ccc(C)c3oc4c(C)c(=O)c(N)c(C(=O)NC5C(C)OC(=O)C(C(C)C)N(C)C(=O)CN(C)C(=O)C6CCCN6C(=O)C(Cc6ccc(O)cc6)NC5=O)c4nc23)C(C)OC1=O	1
COc1ccc(CC2NC(=O)C(NC(=O)c3ccc(C)c4oc5c(C)c(=O)c(N)c(C(=O)NC6C(C)OC(=O)C(C(C)C)N(C)C(=O)CN(C)C(=O)C7CCCN7C(=O)C(Cc7ccc(OC)cc7)NC6=O)c5nc34)C(C)OC(=O)C(C(C)C)N(C)C(=O)CN(C)C(=O)C3CCCN3C2=O)cc1	1
CC(C)(C)[Si](C)(C)OCC1OC(C(O[Si](C)(C)C(C)(C)C)C1O[Si](C)(C)C(C)(C)C)n1cnc2c1nc(N)[nH]c2=O	1
COc1cc(\C=C\C=C2/CCC\C(=C/C=C/c3ccc(O)c(OC)c3)C2=O)ccc1O	-1
CC(C)Cc1cc2C3CC[C@]4(C)[C@@H](O)CCC4C3CCc2cc1O	-1
CCOP(=O)(OCC)OC1CC(OC1CO[Si](C)(C)C(C)(C)C)n1cnc2c(ncnc12)N(CC)CC	-1
N#CSC#CCCC#CSC#N	-1
CCN(CCCl)c1cc(CN(C)C)cc(NC(=O)c2ccc(cc2)C(=O)Nc2cc(CN(C)C)cc(c2)N(CC)CCCl)c1	1
O=C1OC(C2Cc3ccc4CCCCc4c3C2=O)c2ccccc12	-1
CC(C)C1NC(=O)C(NC(=O)c2ncc(C)c3oc4c(C)c(=O)c(N)c(C(=O)NC5C(C)OC(=O)C(C(C)C)N(C)C(=O)CN(C)C(=O)C6CCCN6C(=O)C(NC5=O)C(C)C)c4nc23)C(C)OC(=O)C(C(C)C)N(C)C(=O)CN(C)C(=O)C2CCCN2C1=O	1
CC(C)C1NC(=O)C(NC(=O)c2c(F)cc(C)c3oc4c(C)c(=O)c(N)c(C(=O)NC5C(C)OC(=O)C(C(C)C)N(C)C(=O)CN(C)C(=O)C6CCCN6C(=O)C(NC5=O)C(C)C)c4nc23)C(C)OC(=O)C(C(C)C)N(C)C(=O)CN(C)C(=O)C2CCCN2C1=O	1
CC(C)C1NC(=O)C(NC(=O)c2ccc(C)c3oc4c(C)c(=O)c(N)c(C(=O)NC5C(C)OC(=O)C(C(C)O)N(C)C(=O)CN(C)C(=O)C6CCCN6C(=O)C(NC5=O)C(C)C)c4nc23)C(C)OC(=O)C(C(C)O)N(C)C(=O)CN(C)C(=O)C2CCCN2C1=O	1
CCCCCCCCCCCCP(O)(=O)OCC(N)C(O)=O	-1
NC1=Nc2cc(ccc2Sc2nc3ccccc3n12)C(F)(F)F	1
NC1=Nc2ccccc2Sc2nccn12	-1
COC1OC(COC(=O)c2cc(O)c(O)c(O)c2)C(OC(=O)c2cc(O)c(O)c(O)c2)C(OC(=O)c2cc(O)c(O)c(O)c2)C1OC(=O)c1cc(O)c(O)c(O)c1	-1
CCCCCCCCCC(=O)N[C@H]([C@@H](O)C(=O)O[C@H]1C[C@@]2(O)[C@@H](OC(=O)c3ccccc3)[C@@H]3[C@@]4(CO[C@@H]4C[C@H](O)[C@@]3(C)C(=O)[C@H](OC(C)=O)C(=C1C)C2(C)C)OC(C)=O)c1ccco1	1
CN(C)c1cccc(c1)[C@H](NC(=O)c1ccccc1)[C@@H](O)C(=O)O[C@H]1C[C@@]2(O)[C@@H](OC(=O)c3ccccc3)[C@@H]3[C@@]4(CO[C@@H]4C[C@H](O)[C@@]3(C)C(=O)[C@H](OC(C)=O)C(=C1C)C2(C)C)OC(C)=O	1
CC(=O)O[C@@H]1C2=C(C)[C@H](C[C@@](O)([C@@H](OC(=O)c3ccccc3)[C@@H]3[C@@]4(CO[C@@H]4C[C@H](O)[C@@]3(C)C1=O)OC(C)=O)C2(C)C)OC(=O)[C@H](O)[C@@H](NC(=O)c1ccccc1)C1CCCCC1	1
CC(=O)O[C@@H]1C2=C(C)[C@H](C[C@@](O)([C@@H](OC(=O)C3CCCCC3)[C@@H]3[C@@]4(CO[C@@H]4C[C@H](O)[C@@]3(C)C1=O)OC(C)=O)C2(C)C)OC(=O)[C@H](O)[C@@H](NC(=O)C1CCCCC1)C1CCCCC1	1
CC(=O)O[C@@H]1C2=C(C)[C@H](C[C@@](O)([C@@H](OC(=O)c3ccccc3)[C@@H]3[C@@]4(CO[C@@H]4C[C@H](O)[C@@]3(C)C1=O)OC(C)=O)C2(C)C)OC(=O)[C@H](O)[C@@H](NC(=O)c1ccccc1)c1ccccc1C	1
CC(=O)O[C@@H]1C2=C(C)[C@H](C[C@@](O)([C@@H](OC(=O)c3cccc(c3)N(=O)=O)[C@@H]3[C@@]4(CO[C@@H]4C[C@H](O)[C@@]3(C)C1=O)OC(C)=O)C2(C)C)OC(=O)[C@H](O)[C@@H](NC(=O)c1ccccc1)c1ccccc1	1
CCOC(=O)NC(NNc1ccc(cc1N(=O)=O)N(=O)=O)(C(F)(F)F)C(F)(F)F	-1
CC(C)C(Cl)=NOC(=O)Nc1ccc(cc1)C#N	-1
CC1=C(SCCO)C(=O)c2ccccc2C1=O	-1
COc1ccc(OC)c(C[P+](c2ccccc2)(c2ccccc2)c2ccccc2)c1	1
C(Oc1ccc(C[P+](c2ccccc2)(c2ccccc2)c2ccccc2)cc1)c1ccccc1	1
CC(C)(C)COC(=O)C(C)(C)NC(=O)C(CC(=O)OCc1ccccc1)NC(=O)OCc1ccccc1	-1
CC(=O)O[C@@H]1C2=C(C)[C@H](C[C@@](O)([C@@H](OC(=O)c3ccoc3)[C@@H]3[C@@]4(CO[C@@H]4C[C@H](O)[C@@]3(C)C1=O)OC(C)=O)C2(C)C)OC(=O)[C@H](O)[C@@H](NC(=O)c1ccccc1)c1ccccc1	1
CC(=O)O[C@@H]1C2=C(C)[C@H](C[C@@](O)([C@@H](OC(=O)c3ccco3)[C@@H]3[C@@]4(CO[C@@H]4C[C@H](O)[C@@]3(C)C1=O)OC(C)=O)C2(C)C)OC(=O)[C@H](O)[C@@H](NC(=O)c1ccccc1)c1ccccc1	1
CC(=O)O[C@@H]1C2=C(C)[C@H](C[C@@](O)([C@@H](OC(=O)c3ccc(F)cc3)[C@@H]3[C@@]4(CO[C@@H]4C[C@H](O)[C@@]3(C)C1=O)OC(C)=O)C2(C)C)OC(=O)[C@H](O)[C@@H](NC(=O)c1ccccc1)c1ccccc1	1
CC(=O)O[C@@H]1C2=C(C)[C@H](C[C@@](O)([C@@H](OC(=O)c3cccc(c3)C(F)(F)F)[C@@H]3[C@@]4(CO[C@@H]4C[C@H](O)[C@@]3(C)C1=O)OC(C)=O)C2(C)C)OC(=O)[C@H](O)[C@@H](NC(=O)c1ccccc1)c1ccccc1	1
CCCNCC(O)CNc1ccc(NCC(O)CNCCC)c2C(=O)c3ccccc3C(=O)c12	1
Oc1cccc2cc(Cl)cnc12	-1
Oc1cccc2cc(Br)cnc12	-1
CCCCCCNCCCNc1c2ccccc2nc2cccc(c12)N(=O)=O	1
OCCNCCNc1c2ccccc2nc2cccc(c12)N(=O)=O	1
C[C@H]1C[C@H](CCC1=NNS(=O)(=O)c1ccc(C)cc1)C(C)(C)C	-1
CN(C)Cc1cc(ccc1O)\N=N\c1ccc(C)cc1	-1
O=C(NCCCNCCCCNCCCNC(=O)c1cc(nc2ccccc12)-c1ccccc1)c1cc(nc2ccccc12)-c1ccccc1	1
Oc1c2CO[C@H]([C@@H](OCc3cccc(CO[C@H]([C@@H](OCc1cc(c2)-[n+]1c(cc(cc1-c1ccccc1)-c1ccccc1)-c1ccccc1)c1ccccc1)c1ccccc1)n3)c1ccccc1)c1ccccc1	1
COc1ccc(cc1)-c1cn2c3ccccc3nc2c(C)n1	-1
IC(C=O)=C(c1ccccc1)c1ccccc1	-1
O=C(NN=Cc1cccc2c(cccc12)N(=O)=O)Nc1ccccc1	-1
Cc1cc(ccc1N)-c1nc2ccccc2s1	-1
N#CC12CC=C(NC1=NC(=CC2)c1ccccc1)c1ccccc1	-1
COC(=O)C1(Cc2ccc3CCCc3c2)Cc2cc3CCCc3cc2C1	-1
CC(=O)C1(Cc2cccc3ccccc23)S(=O)(=O)OCCOS1(=O)=O	-1
CCN(CCCl)c1cc(CN(C)C)cc(NC(=O)c2cc(C(=O)Nc3cc(CN(C)C)cc(c3)N(CC)CCCl)n(C)n2)c1	1
CCN(CCCl)c1cc(CN(C)C)cc(NC(=O)c2ccc(cc2)C(=O)Nc2cccc(c2)N(CCCl)NN)c1	1
CCN(CCCl)c1cccc(NC(=O)c2ccc(cc2)C(=O)Nc2cccc(CN(C)C)c2)c1	1
CN(CCCl)c1ccc(cc1)-c1nc2cc(ccc2[nH]1)-c1nc2cc(ccc2[nH]1)N1CCN(C)CC1	1
COCOc1c(OC)c(OC)ccc1C(O[Si](C)(C)C(C)(C)C)c1cnc(Sc2ccccc2)n1C	-1
CC(=O)C1=C(N(C2OC(CO)C(O)C(O)C2O)C(S)=C(C#N)C1c1ccc(Cl)cc1)c1ccccc1	-1
CC1(C)CC[C@@]2(CC[C@]3(C)C(=CC[C@@H]4[C@@]5(C)CC[C@H](OC6OC(CO)C(O)C(O)C6OC6OC(CO)C(O)C(O)C6O)C(C)(C)[C@@H]5CC[C@@]34C)[C@@H]2C1)C(O)=O	-1
c1ccc(cc1)C1C(P=PC1=P(c1ccccc1)(c1ccccc1)c1ccccc1)[P+](c1ccccc1)(c1ccccc1)c1ccccc1	1
[Se]=P(c1ccccc1)(c1ccccc1)c1ccc(cc1)C(c1ccccc1)=P(c1ccccc1)(c1ccccc1)c1ccccc1	1
O=C(c1ccccc1)c1ccc(CN2CCN(CCCCN3c4ccccc4Sc4cc(ccc34)N=N#N)CC2)cc1	-1
C[C@@H](CC(O)C1O[C@@H]2CCC3(CCC(O3)\C=C\[C@@H](C)C3CC(C)=CC4(O[C@H](C[C@](C)(O)C(O)=O)CCC4O)O3)OC2[C@H](O)C1=C)C1O[C@@]2(CCCCO2)CCC1C	1
O=c1cc(NNc2cccc3ccccc23)[nH]c(=O)[nH]1	-1
BrC1(C[n+]2c(cc(cc2-c2ccccc12)-c1ccccc1)-c1ccccc1)c1ccccc1	1
CCCCCCCCCCNC(=O)CCC(NC(=O)c1ccc(cc1)N(C)Cc1cnc2nc(N)nc(N)c2n1)C(=O)NCCCCCCCCCC	1
C[C@@H]1CCC[C@@H](C)[C@@H]2O[C@@H](C[C@@H]3[C@H]2OC(=O)C3=C)[C@@]2(C)CC[C@@H]1O2	-1
O=C1Cc2cc3ccccc3nc2-c2ccccc2N1	-1
CC[P+](C#Cc1ccccc1)(c1ccccc1)c1ccccc1	1
CC(C)OC(=O)c1ccc(NCC2=CC(=O)C=CC2=O)cc1	-1
CN(C)CCNC(=O)c1cccc2nc3c(cccc3nc12)C(=O)NCCN(C)C	1
N[C@H]1[C@H](Br)C(=O)c2c(Br)sc(Br)c12	-1
CCOc1cc2[C@H]3CC[C@]4(C)[C@@H](O)CC[C@H]4[C@@H]3C\C(=N\O)c2cc1O	-1
CC(=O)Oc1c(oc2ccccc12)-c1ccccc1	-1
Brc1c2N=S=Nc2c(Br)c2nsnc12	-1
CC(CCC(=C)C(C)C(O)=O)C1CCC2C3=C(C(=O)CC12C)C1(C)CCC(=O)[C@@H](C)C1CC3=C	-1
CC(C)C[C@H](NC(=O)[C@H](Cc1cccc2ccccc12)NC(=O)N1CCOCC1)B(O)O	1
CC(C)C[C@H](NC(=O)[C@H](Cc1cccc2ccccc12)NS(=O)(=O)c1cccc2cccnc12)B(O)O	1
OB(O)[C@H](Cc1ccccc1)NC(=O)[C@H](Cc1cccc2ccccc12)NC(=O)N1CCOCC1	1
CC(C)C[C@H](NC(=O)CCc1ccccc1)B(O)O	-1
NC1=C(C#N)C(C#N)(C#N)C(N1c1ccccc1)c1ccco1	-1
Cc1ccccc1N1C(c2ccccc2)C(C#N)(C#N)C(C#N)=C1N	-1
OCCOCCO[P+]1(OCCOCCO)n2c3ccc2\C(=C2\C=CC(=N2)\C(\c2ccccc2)=c2\ccc(=C(C4=N\C(C=C4)=C3\c3ccccc3)c3ccccc3)n12)c1ccccc1	1
CCN(CC)CCC(=O)c1ccc(Oc2ccc(Cl)cc2)cc1	-1
Cc1cc(NCc2ccccc2)c2ccccc2[n+]1CCCCCCCCCC[n+]1c(C)cc(NCc2ccccc2)c2ccccc12	1
CN(C)c1cc(C)[n+](CCCCCCCCCC[n+]2c(C)cc(N(C)C)c3ccccc23)c2ccccc12	1
Cc1cc(NCCCCCCCCCC[n+]2c(C)cc(N)c3ccccc23)c2ccccc2n1	1
COC[C@@H]1N(O)C(=O)[C@H]2CCCNN2C(=O)[C@@H](NC(=O)[C@@](C)(O)[C@]2(O)CC[C@@H](CC(C)C)[C@H](C)O2)[C@@H](OC(=O)[C@@H](C)N(O)C(=O)[C@@H]2CCC=NN2C(=O)CNC1=O)C(C)C	1
FC(F)(F)c1ccc2nc(Oc3ccc(cc3)C#N)c(nc2c1)-c1ccccc1	-1
CCP(CC)(CC)[Au+]1[S]=C2NC=NC3=C2[N]1=CN3	-1
CC(=O)c1cc2c(s1)C(=O)c1ccsc1C2=O	-1
OCC1OC(CC1O)n1cnc2c(Cl)nc(Nc3ccc(Cl)c(Cl)c3)nc12	-1
CC1(C)OC(C)(CCC1CO)c1nc2cc(Cl)c(Cl)cc2[nH]1	-1
Cc1c2Oc3ccccc3Oc2c(C)c2c[n+](C)ccc12	1
CCC(CO)Nc1nc(NCc2ccccc2)c2ncn(C(C)C)c2n1	-1
FC(CN(COCN(CC(F)(N(=O)=O)N(=O)=O)CC(F)(N(=O)=O)N(=O)=O)CC(F)(N(=O)=O)N(=O)=O)(N(=O)=O)N(=O)=O	-1
C[N+]12C=CC=C1C(N1CCCC1)c1scc(c21)-c1ccc(Br)cc1	1
CO[C@@H]1C[C@H](C)CC2=C(NCC=C)C(=O)C=C(NC(=O)\C(C)=C\C=C/[C@@H](OC)[C@H](OC(N)=O)\C(C)=C\[C@@H](C)[C@H]1OC(=O)CN)C2=O	1
CSCCC(NC(=O)OC(C)(C)C)C(=O)NCCNc1ccc(NCCNC(=O)C(CCSC)NC(=O)OC(C)(C)C)c2C(=O)c3ccccc3C(=O)c12	1
COc1cc(\C=C\C(=O)c2c(O)on[n+]2-c2ccccc2)ccc1O	-1
CCOC(=O)C(=CNc1ccc(NC2=NCC(C)S2)cc1)C(=O)OCC	-1
CC(C)C1NC(=O)C(NC(=O)c2ccc(C)c3oc4c(C)c(=O)c(N)c(C(=O)NC5C(C)OC(=O)C(Cc6ccc(O)cc6)N(C)C(=O)CN(C)C(=O)C6CCCN6C(=O)C(NC5=O)C(C)C)c4nc23)C(C)OC(=O)C(Cc2ccc(O)cc2)N(C)C(=O)CN(C)C(=O)C2CCCN2C1=O	1
CC(C)C1NC(=O)C(NC(=O)c2ccc(C)c3oc4c(C)c(=O)c(N)c(C(=O)NC5C(C)OC(=O)C(Cc6ccccc6)N(C)C(=O)CN(C)C(=O)C6CCCN6C(=O)C(NC5=O)C(C)C)c4nc23)C(C)OC(=O)C(Cc2ccccc2)N(C)C(=O)CN(C)C(=O)C2CCCN2C1=O	1
COc1ccc2oc(=N)c(cc2c1)C(N)=S	-1
COc1ccc2oc(=N)c(cc2c1)C(=O)NCc1ccccc1	-1
OCC(O)C(O)C(O)C(O)\C=N/N=C1/NC(=O)\C(N1)=C\c1ccc(Cl)cc1	1
Nc1cccc(OCC2CCCN3CCCCC23)c1	-1
Cc1cccc(Nc2nc3ccccc3nc2NS(=O)(=O)c2ccc(N)cc2)c1	-1
Nc1ccc(cc1)S(=O)(=O)Nc1nc2ccccc2nc1N1CCCCCC1	-1
CCOC(=O)CCC(NC(=O)c1ccc(Nc2nc3ccccc3nc2-c2cccs2)cc1)C(=O)OCC	-1
CC1(C)OC(=C(C#N)C#N)C(C#N)=C1\C=C\c1ccncc1	-1
COC(=O)CCSC1=CC(=O)c2nc3ccccc3c3ccnc1c23	-1
Clc1ccc(NC(=O)C2C(=O)OC3(CCCCC3)OC2=O)c(Cl)c1	-1
CCN(CC)CCCNc1nncc2c(C)c3[nH]c4ccccc4c3cc12	1
Cc1ccc(cc1)N1C(=C)c2nc3ccccc3n2C=C1c1ccc(C)cc1	-1
C[C@H]1[C@@H](O)[C@]2(O)OC[C@]34[C@H]2[C@@]2(C)[C@H](O)C(=O)C=C(C)[C@@H]2C[C@H]3OC(=O)[C@H](OC(=O)C(C)(C)CO)[C@@H]14	1
Cc1ccc(cc1)N1Cc2nc3sc4CCCCc4c3c(=O)n2N=C1	-1
Clc1ccc(cc1)N1Cc2nc3sc4CCCCc4c3c(=O)n2N=C1	-1
C[C@]12CC[C@H]3[C@@H](CCc4cc(OC(=O)c5ccccc5)ccc34)[C@@H]1CCC2OC(=O)c1cccc2c1[nH]c1ccccc1c2=O	-1
COc1cccc(Nc2nc(N)nc(N)c2N=O)c1	-1
COc1ccc(cc1)C1CC(=NN1c1ccccc1)c1c(C)nn(c1-c1ccc(C)cc1O)-c1ccccc1	-1
COc1ccc2CCc3c([nH]c4ccccc34)-c2c1	-1
CC(C)C1CCC(=O)CC1CCCCC1CC(=O)CC1O[Si](C)(C)C(C)(C)C	-1
CC(=O)OCOC(=O)CN(CC(=O)OCOC(C)=O)Cc1cc2c(Oc3cc(OC(C)=O)c(CN(CC(=O)OCOC(C)=O)CC(=O)OCOC(C)=O)cc3C22OC(=O)c3ccccc23)cc1OC(C)=O	1
CC(=O)O[C@@H]1C2=C(C)[C@H](C[C@@](O)([C@@H](OC(=O)c3ccccc3)[C@@H]3[C@@]4(CO[C@@H]4C[C@H](OC(=O)OCCC(O)CO)[C@@]3(C)C1=O)OC(C)=O)C2(C)C)OC(=O)[C@H](O)[C@@H](NC(=O)c1ccccc1)c1ccccc1	1
CC(=O)O[C@@H]1C2=C(C)[C@H](C[C@@](O)([C@@H](OC(=O)c3ccccc3)[C@@H]3[C@@]4(CO[C@@H]4C[C@H](O)[C@@]3(C)C1=O)OC(C)=O)C2(C)C)OC(=O)[C@H](OC(=O)OCCC(O)CO)[C@@H](NC(=O)c1ccccc1)c1ccccc1	1
COc1ccc2nc3cc(Cl)ccc3c(NCCNC(=O)Cn3c4nc5n(C)c(=O)n(C)c(=O)c5n(=O)c4c(=O)n(C)c3=O)c2c1	1
Cc1cccc(CP(Cc2cccc(C)c2)CC2(Cp3c4ccccc4c4ccccc34)COC2)c1	1
CC(O)c1cc2c(s1)C(=O)c1sccc1C2=O	-1
CCSC1=NC(=Cc2ccccc2O)C(=O)N1	-1
COc1cccc2c(N)c3cccc(C(=O)NCCN(C)C)c3nc12	1
COC(=O)n1n2cnc3Oc4c(C(c5ccc(Cl)cc5)c3c2nc1=O)c(nn4-c1ccccc1)-c1ccccc1	-1
Cc1ccc2c(c1)C(=O)\C(CCS2(=O)=O)=C/c1ccc(Cl)cc1	-1
O=C(N\N=C/c1ccc2ccccc2c1)Nc1ccc(cc1)N(=O)=O	-1
Oc1cccc(C(=O)NCCN(CCNC(=O)c2cccc(O)c2O)CCNC(=O)c2cccc(O)c2O)c1O	1
Cc1cccc2N[C@](C)(C(=O)c12)[C@]1(C)Nc2cccc(C)c2C1=O	-1
OC1COC(C(O)C1O)n1c2ccc(Br)cc2c2ccc3c4ccccc4[nH]c3c12	-1
CC(=C(C(O)=O)C(O)=O)c1cc(cc(-c2ccc(Cl)cc2)c1O)-c1cccs1	-1
COc1ccc(cc1)C(=C1C=CC=C1)c1ccc(OC)cc1	-1
CCCCCCCCCCCCCCCCCCNc1ccn(C2OC(COP(O)(=O)OCC3OC(CC3N=N#N)n3cc(C)c(=O)[nH]c3=O)C(O)C2O)c(=O)n1	-1
CCCCCCCCCCCCCCCC[N+](C)(C)Cc1ccc(F)cc1	1
C\C(=N\NC(=S)N1CCCCC1)\C(\C)=N/NC(=S)N1CCCCC1	-1
CCCC(=O)Nc1cc(\C=C\C(=O)N2CC(CCl)c3c2cc(OC(C)=O)c2[nH]cc(C)c32)n(C)c1	1
CN(C)c1ccc(\C=c2/c3cc(-c4ccccc4)[n+](C)n3c3ccccc23)cc1	1
COc1ccc2c(c1)\c(=C\c1ccc(cc1)N(C)C)c1cc(-c3ccccc3)[n+](C)n21	1
C[n+]1c(cc2n1c1ccccc1\c2=C\c1ccc(cc1)N(=O)=O)-c1ccccc1	1
C[n+]1c(cc2n1c1ccccc1\c2=C\c1ccccc1)-c1ccccc1	1
CCOc1cc(ccc1O)C1SCC(=O)N1c1ccc(Oc2ccc(Cl)cc2)c(Cl)c1	-1
Oc1ccc(cc1)C1(N\C(=N/c2ccc(cc2)S(=O)(=O)c2ccc(cc2)\N=C2/NC(c3ccccc23)(c2ccc(O)cc2)c2ccccc2O)c2ccccc12)c1ccccc1O	1
C[n+]1c2ccccc2n2c1c(C#N)c(NCCCN1CCOCC1)c1ccccc21	1
Cn1c2ccccc2n2c1c1c(N)nnc1c1ccccc21	1
C[n+]1c2ccccc2n2c1c(C#N)c(NCCCn1ccnc1)c1ccccc21	1
CC(=O)Nc1cc(nn1C)C(=O)Nc1cc(nn1C)C(=O)N1CC(CCl)c2c1cc(N)c1ccccc21	1
CC(C)(C)[Si](C)(C)OC[C@H]1O[C@H]([C@H](O[Si](C)(C)C(C)(C)C)[C@@H]1CC=C)n1ccc(=O)[nH]c1=O	-1
CCOC(=O)\C=C(\C=C/COC1CCCCO1)/c1ccccc1	-1
Cc1ccc(S[C@](NC(=O)OCc2ccccc2)(C=O)C(F)(F)F)cc1	-1
N#CC1(C#N)[C@@H]2CCC=C(Sc3ccccc3)[C@H]12	-1
N#CC(C#N)[C@@H]1CCC=C(Sc2ccccc2)[C@H]1Sc1ccccc1	-1
O=C(COc1ccc(OCC(=O)N2C(=O)CN(C2=S)c2ccccc2)cc1)N1C(=O)CN(C1=S)c1ccccc1	-1
C[C@H]1[C@H]2[C@H](C[C@H]3[C@@H]4CC[C@H]5C[C@H](CC[C@]5(C)[C@H]4CC[C@]23C)OC2OC(CO)C(OC3OC(CO)C(O)C(OC4OCC(O)C(O)C4O)C3OC3OCC(O)C(O)C3O)C(O)C2OC2OC(C)C(O)C(O)C2O)O[C@]11CC[C@@H](C)CO1	-1
C[C@H]1[C@H]2[C@H](C[C@H]3[C@@H]4CC[C@H]5C[C@@H](OC6OC(CO)C(OC7OC(CO)C(O)C(O)C7O)C(O)C6OC6OC(C)C(O)C(O)C6O)[C@H](O)C[C@]5(C)[C@H]4CC[C@]23C)O[C@]11CC[C@@H](C)CO1	-1
C[C@H]1[C@@H](O)[C@]2(O)OC[C@]34[C@H]2[C@@]2(C)[C@H](O)C(=O)C=C(C)[C@@H]2C[C@H]3OC(=O)[C@H](CC(=O)C=C(C)C)[C@@H]14	1
ClCC1CN(C(=O)c2cc3cc(NC(=O)c4cc5ccccc5o4)ccc3[nH]2)c2cc(c3ccccc3c12)N(=O)=O	-1
C[C@H](C(CC#N)[C@H]1CCC[C@]1(O)C#Cc1ccc2OCOc2c1)c1ccccc1	-1
COc1cc2C\C=C\CCCC[C@@H](C)OC(=O)c2c(OC)c1	-1
CN(C)CCNc1ccc2c3c1c(=O)c1cc(ccc1n3c(=O)n(CCN(C)C)c2=O)N(=O)=O	-1
COc1cc2c(cc1OCCCN1C(=O)c3cccc4cccc(C1=O)c34)N=C[C@@H]1CCCN1C2=O	-1
CC(C)[Si](OC1=CCCCCC11C(=O)N(C)c2ccccc12)(C(C)C)C(C)C	-1
CC1(C)OC(CP(c2ccccc2)c2ccccc2)C(CP(c2ccccc2)c2ccccc2)O1	1
COc1ccc2c(-c3ccc(OCCN(C)C)cc3)c(Oc3ccc(Cl)cc3)c(=O)oc2c1	-1
CN(C)c1ccc(\C=c2/c3cc(-c4ccc(Cl)cc4)[n+](C)n3c3ccccc23)cc1	1
COc1cccc2C(=O)c3c(O)c4C[C@](O)(C[C@H](OC5CC6C(OCN7CN6COC6C(C)OC(CC76)O[C@H]6C[C@@](O)(Cc7c(O)c8C(=O)c9cccc(OC)c9C(=O)c8c(O)c67)C(=O)CO)C(C)O5)c4c(O)c3C(=O)c12)C(=O)CO	1
CN(C)CCn1c2ccc(c3[nH]c4ccc(O)cc4c(nc1=O)c23)N(=O)=O	1
O=C(O\C=C/OC1CCCC1(c1ccccc1)c1ccccc1)c1ccccc1	-1
Oc1cccc(OC(=O)C=Cc2ccccc2)c1	-1
COC(=O)C(N)CCCC(N)C(=O)NC(C)C(=O)NC(CCC(=O)NCCNCCNc1c2ccccc2nc2cccc(c12)N(=O)=O)C(N)=O	1
C(CCCCc1nnc2SC(=C(Nn12)c1ccccc1)c1ccccc1)CCCc1nnc2SC(=C(Nn12)c1ccccc1)c1ccccc1	-1
CN(C)CCOc1ccc2[nH]c(cc2c1)C(=O)N1CC(CCl)c2ccc(N)cc12	-1
COc1cc2CC[C@H](NC(C)=O)c3cc(=O)c(SC)ccc3-c2c2nc3ccccc3nc12	1
COc1ccc2o\c(=N\c3ccccc3)c(cc2c1)C(N)=O	-1
CCN(CC)CCCNc1nncc2c(C)c3[nH]c4ccc(OC)cc4c3cc12	1
CCN(CC)CCCNc1nncc2cc3c4cc(OC)ccc4[nH]c3c(C)c12	1
Cc1ccc(cc1)-c1cs\c(=N/c2ccccc2)n1NC(=O)c1ccncc1	-1
CCC[n+]1cc2cc(OC)c(OC)cc2c2Cc3cc4OCOc4cc3-c12	1
COc1ccc2[C@H]3CC[C@]4(C)C(=O)\C(C[C@H]4[C@@H]3CCc2c1)=C\c1ccncc1	-1
CC[C@H](C)[C@@H]1OC(=O)CCNC(=O)[C@@H](C)NC(=O)C(C)(C)C(=O)[C@H](C)NC(=O)[C@H](Cc2ccc(OC)cc2)N(C)C(=O)[C@H](C(C)C)N(C)C(=O)CNC(=O)[C@H](CC(C)C)N(C)C(=O)CNC1=O	1
Brc1cc(CCOC2CCCCO2)c(s1)-c1sccc1CCOC1CCCCO1	-1
NS(=O)(=O)c1ccc(NC(=S)NC(=O)Nc2ccc(Cl)c(Cl)c2)cc1	-1
CC1=C2C(=O)OCC22C=COC2(C)O1	-1
C\C=C\CSC1=N\C(=C/c2cccs2)C(=O)N1CC=C	-1
CCOC(=O)c1cn2c(n1)sc1cc(C)c(C)cc21	-1
Nc1cc(ccc1O)C1CCCc2c1[nH]c1ccccc21	-1
OC(=O)c1ccccc1C1CCCc2c1[nH]c1ccccc21	-1
Cc1nc2ccccc2n1CCc1nc2ccccc2s1	-1
COc1cc(\C=C\c2cc(\C=C\c3ccc(O)c(OC)c3)oc(=O)c2)ccc1O	-1
CCCCCCCCC\C=C1\CC(CO)(COC(=O)CC(C(C)C)C(C)C)OC1=O	-1
C\C=C1\CN2CCc3c([nH]c4ccccc34)[C@@H]2C[C@@H]1Cc1nccc2c3ccc(O)cc3[nH]c12	-1
OC(=O)CCSC(CC1(NC(=O)CCS1)c1ccc(Cl)cc1)c1ccccc1	-1
Cc1ccc(cc1)\N=C1/C(=O)C2=C(OC(C)(C)CC2)c2ccccc12	-1
CC(=O)N(CC=C)c1cc(OCc2ccccc2)c2n(cc(C)c2c1)S(=O)(=O)c1ccccc1	-1
CC(=O)N(CC=C)c1cc(OCc2ccccc2)c2[nH]c(CC=C)c(C)c2c1	-1
Oc1ccc(O)c2C3OC=CC3C(=Cc12)N(=O)=O	-1
COc1ccc(CCCCNCc2cccc(CNCCCCc3ccc(OC)cc3)c2)cc1	-1
CC(Oc1ccccc1Cl)C(=O)NN1C(=O)CC(=O)N(C1=S)c1ccc(Cl)cc1	-1
CC(Oc1ccccc1C)C(=O)NN1C(=O)CC(=O)N(C1=S)c1ccccc1	-1
CC[C@H](C)[C@H]1NC(=O)[C@@H](NC(=O)[C@@H](CC(C)C)N(C)C(=O)C2CCCN2C(=O)[C@H](C)O)[C@@H](C)OC(=O)[C@@H]2Cc3ccccc3CN2C(=O)[C@@H]2CCCN2C(=O)[C@H](CC(C)C)NC(=O)[C@@H](C)C(=O)[C@@H](OC(=O)C[C@@H]1O)C(C)C	1
COC(=O)[C@@H]1[C@H]2C[C@H]([C@@H](C(=O)OC)[C@]1(O)C(C(=O)OC)C(O)=C2C(=O)OC)c1ccccc1OC	-1
COc1cc(cc(OC)c1O)[C@H]1[C@H]2C(=O)OC[C@@H]2[C@H](\N=C\c2ccc(cc2)C(=O)O[C@@H](C(=O)O[C@H]2C[C@@]3(O)[C@@H](OC(=O)c4ccccc4)[C@H]4[C@@](C)([C@@H](O)C[C@H]5OC[C@@]45OC(=O)C)C(=O)[C@H](OC(=O)C)C(=C2C)C3(C)C)[C@@H](NC(=O)c2ccccc2)c2ccccc2)c2cc3OCOc3cc12	1
COc1cc(\C=C\C(=O)CC(=O)\C=C\c2cc(OC)c(O)c(OC)c2)cc(OC)c1O	1
Brc1ccc2[nH]cc(-c3csc(n3)-c3c[nH]c4ccc(Br)cc34)c2c1	-1
CSc1ccccc1P(CCP(c1ccccc1SC)c1ccccc1SC)c1ccccc1SC	1
O=C1N(CCCNCCCCNCCCN2C(=O)c3cccc4cccc(C2=O)c34)C(=O)c2cccc3cccc1c23	1
O=C1N(CCCNCCCCNCCCNCCCN2C(=O)c3cccc4cccc(C2=O)c34)C(=O)c2cccc3cccc1c23	1
Cc1c(sc2ccc(Cl)cc12)S(=O)(=O)\N=C(/NN)Nc1ccc(Cl)cc1	-1
CN1CCN(CC1)c1ccc2nc([nH]c2n1)C1=C(O)C(=O)c2c(nc(CCl)n2C)C1=O	1
COc1cc2CC[n+]3cc4cc(OC)c(OC)cc4c(c1)c23	1
CO[C@@H]1C[C@H](C)CC2=C(NCCN(C)C)C(=O)C=C(NC(=O)\C(C)=C\C=C/[C@@H](OC)[C@H](OC(=O)N)\C(C)=C\[C@@H](C)[C@@H]1O)C2=O	1
CN(C)c1ccc(\C=c2/c3cc(C)[n+](C)n3c3ccccc23)cc1	1
CN(C)c1ccc(\C=c2/c3cc(\C=C\c4ccccc4)[n+](C)n3c3ccccc23)cc1	1
COC(C)(C)OCCN1CCN(CCN2C3=C(Sc4ccccc24)C=C(C3)C(C)=O)CC1	-1
[Cl]=[Au]1(P(c2ccccc2)(c2ccccc2)c2ccccc2)P(CCCP1(c1ccccc1)c1ccccc1)(c1ccccc1)c1ccccc1	1
NC(=O)NC(=O)c1cccc(NC(=O)CBr)c1	-1
NC(=O)NC(=O)c1ccc(NC(=O)CBr)cc1	-1
CC(O)CC(=O)CO[C@H]1[C@H](O)[C@@H](O)[C@@H](O)[C@@H]2NC(=O)c3c(O)c4OCOc4cc3[C@@H]12	1
COc1ccc-2c(c1)C(=O)C(=O)c1cc(O)c(OC)c(OC)c-21	-1
CCOC(=O)N(C)CCC1CC=CC(=O)C1c1cccc(OC)c1OC	-1
NC(=N)N\N=C\c1c(nc2sccn12)-c1ccc(cc1)N(=O)=O	1
NC(=N)N\N=C\c1c(nc2SCCn12)-c1ccc(cc1)N(=O)=O	1
NC(=N)N\N=C\c1nc2SCCn2c1N(=O)=O	1
CN1CSC(=S)N(C1)c1c2ccccc2nc2ccc(Br)cc12	-1
COc1ccc(cc1)C1=Cn2c(nc3ccccc23)C(=C)N1c1ccc(OCCN2CCOCC2)cc1	-1
Clc1ccc(cc1)C1=NN=C2N(C1)c1ccccc1N=C2c1ccccc1	-1
C(NC1CC(CC(C1)NCc1ccccn1)NCc1ccccn1)c1ccccn1	1
CC[C@H](C)[C@H](O)C(=O)OC1COC(OC2C[C@H](O)CC3=CC[C@H]4[C@@H]5CC6O[C@]7(CCC(=C)CO7)[C@@H](C)C6[C@@]5(C)CC[C@@H]4[C@@]23C)C(OC2OC(C)C(O)C(O)C2O)C1OC(C)=O	-1
Nc1ccc(cc1I)-c1nc2cc(F)ccc2s1	-1
COc1cc(OCc2nc3ccccc3n3cccc23)cc(OC)c1OC	-1
CN(C)CCn1nc2c3c1ccc(C(=O)NCCCN(C)CCCNC(=O)c1ccc4n(CCN(C)C)nc5c4c1[nH]c1ccccc51)c3[nH]c1ccccc21	1
COc1ccc2[nH]c3c(ccc4n(CCN(C)C)nc(c34)c2c1)C(=O)NCCCN(C)CCCNC(=O)c1ccc2n(CCN(C)C)nc3c2c1[nH]c1ccc(OC)cc31	1
COc1ccc2Nc3c(Cc2c1)c(NCCN(C)C)ccc3C(=O)NCCCN(C)CCCNC(=O)c1ccc(NCCN(C)C)c2Cc3cc(OC)ccc3Nc12	1
CN(C)CCNC(=O)c1ccc(NCCCN(C)CCCNc2ccc(C(=O)NCCN(C)C)c3[nH]c4ccccc4c(=O)c23)c2c1[nH]c1ccccc1c2=O	1
CN(C)CCNC(=O)c1ccc(NCCCN(C)CCCNc2ccc(C(=O)NCCN(C)C)c3[nH]c4ccc(cc4c(=O)c23)N(=O)=O)c2c1[nH]c1ccc(cc1c2=O)N(=O)=O	1
CC1CNC(=N1)c1cccc(c1)-c1nc(nc(n1)-c1cccc(c1)C1=NC(C)CN1)N(C)C	1
CC1CNC(=N1)c1ccc(cc1)-c1nc(nc(n1)-c1ccc(cc1)C1=NC(C)CN1)N(C)C	1
CN(C)C=C1C(=O)c2c(Br)sc(Br)c2C1=O	-1
CCN(CC)CCCNc1nnc(C)c2[nH]c3ccccc3c12	1
FC(F)(F)C(=O)c1cc2C(=NC3(CCCCC3)Nc2c2ccccc12)C(F)(F)F	-1
CC(=O)Nc1ccc2c3C(CCl)CN(C(=O)CCCCCC(=O)Nc4ccc5c6C(CCl)CN(C(=O)OC(C)(C)C)c6cc(O)c5c4)c3cc(O)c2c1	1
CC(=O)Nc1ccc2c3C(CCl)CN(C(=O)CCCCCCC(=O)Nc4ccc5c6C(CCl)CN(C(=O)OC(C)(C)C)c6cc(O)c5c4)c3cc(O)c2c1	1
CC(=O)Nc1ccc2c3C(CCl)CN(C(=O)CCCC(=O)N4CC(CCl)c5c4cc(O)c4cc(NC(C)=O)ccc54)c3cc(O)c2c1	1
CC(=O)Nc1ccc2c3C(CCl)CN(C(=O)CCCCCCC(=O)N4CC(CCl)c5c4cc(O)c4cc(NC(C)=O)ccc54)c3cc(O)c2c1	1
Cc1c2cccc2c(OCCO)cc2c3ccccc3n(C)c12	1
COc1ccc(\C=C2\C(N)=Nc3ccccc3N(C3OC(COC(C)=O)C(OC(C)=O)C(OC(C)=O)C3OC(C)=O)C2=O)cc1	-1
Cc1nnc2S\C(=C/c3ccc4OCOc4c3)C(=Nn12)c1cc(F)c(Cl)cc1Cl	-1
Cc1c2C(=O)N(CCSC(N)=N)C(=O)c2c(C)n1-c1ccccc1	-1
COc1ccc(\C=C2/CC3C4CC=C5C[C@@H](O)CC[C@]5(C)C4CC[C@]3(C)C2=O)cc1OC	-1
Clc1ccc(cc1)-c1nn2c(SCC=C)nnc2cc1CN1CCCC1	-1
Cc1cc2n(C)c3ccc(F)cc3c3[n+](C)c4ccc(F)cc4c(c1)c23	1
CC[C@H](C)[C@H]1NC(=O)[C@@H](NC(=O)[C@@H](CC(C)C)N(C)C(=O)[C@@H]2CCCN2C(=O)C(C)=O)[C@@H](C)OC(=O)[C@H](Cc2ccc(OC)cc2)N(C)C(=O)[C@@H]2CCCN2C(=O)[C@H](CC(C)C)NC(=O)[C@@H](OC(=O)C[C@@H]1O)C(C)C	1
C1CCC2N=C(NC2C1)c1ccc(cc1)-c1ccc(o1)-c1ccc(cc1)C1=NC2CCCCC2N1	1
COc1ccccc1N1C(SCC1=O)c1cccc(Oc2ccccc2)c1	-1
Clc1ccc(cc1)N1C(c2cccc(Oc3ccccc3)c2)S(=O)(=O)CC1=O	-1
CCOC(=O)C(NC(=O)N(C1CCCCC1)C1=NCC(C)S1)(OC)C(F)(F)F	-1
OC(=O)c1ccc(NC(=O)N\N=C\c2ccc(cc2)N(=O)=O)cc1	-1
NS(=O)(=O)c1ccc(NC(=O)N\N=C\c2ccccc2N(=O)=O)cc1	-1
OCCN(CCO)c1c(cc2[nH]c(=O)[nH]c2c1N(=O)=O)N(=O)=O	-1
Clc1ccc(Cc2nc3cc(Cl)ccc3o2)cc1	-1
COC1=CC(=O)C2=C([C@H]3CC[C@@]4(C)[C@@H](CCC4=O)[C@@H]3CC2)C1=O	-1
COC(=O)[C@]12CC[C@H]3CN([C@H]([C@@H]13)[C@@H](N2S(=O)(=O)c1ccc(C)cc1)c1ccco1)S(=O)(=O)c1ccc(C)cc1	-1
Ic1ccc2nc(Sc3ccc(cc3N(=O)=O)N(=O)=O)n(Cc3ccccc3)c(=O)c2c1	-1
COC(=O)[C@@]12OC[C@@]34[C@H]1[C@@H](OC(=O)C=C(C)C)C(=O)O[C@@H]3C[C@H]1C(C)=C(OC(C)=O)C(=O)C[C@]1(C)[C@H]4[C@@H](O)[C@@H]2O	1
COc1ccc2c(c1)n1[n+](C)c(cc1\c2=C/c1ccc(cc1)N(C)C)-c1ccccc1	1
COc1cccc2c1\c(=C\c1ccc(cc1)N(C)C)c1cc(-c3ccccc3)[n+](C)n21	1
COc1cccc-2c1Cc1cc(-c3ccccc3)[n+](C)n-21	1
Oc1ccccc1N\C(=C/C(=O)C(Cl)(Cl)Cl)c1ccc(Br)cc1	-1
CC(C)(C)SC1=CCC[C@H]([C@@H]2CCC[C@@H]12)P(=O)(c1ccccc1)c1ccccc1	-1
OC(CC(c1ccccc1)c1ccc(Cl)cc1)c1ccc(Cl)cc1	-1
COc1ccc(cc1)C1=NN(C(C1)c1ccccc1)C(N)=S	-1
Oc1ccccc1\C=N\c1ccc(cc1)-c1nc2ccccc2s1	-1
CN1CCCC(C1)OC(=O)c1cc2cc(CCl)ccc2oc1=O	-1
O\N=C1/C(/C[C@H]2[C@@H]3CCC4=C[C@@H](O)CC[C@]4(C)[C@H]3CC[C@]/12C)=C/c1ccncc1	-1
COc1ccc(cc1)\C=C1/C[C@H]2[C@@H]3CCC4=C\C(=N\O)CC[C@]4(C)[C@H]3CC[C@]2(C)/C/1=N/O	-1
CCOC(=O)C1(Cc2ccccc2)C=CN(C=C1)C(=O)c1ccccc1	-1
Nc1nc(N)c2cc(ccc2n1)-c1cc2ccccc2[nH]1	-1
COC1OC(C(OCc2ccccc2)C(OCc2ccccc2)C1OCc1ccccc1)C(=O)CP(=O)(OC)OC	-1
Nc1ccc(cc1C#N)-c1nc2cc(F)ccc2s1	-1
Cc1cc2[nH]c(Cl)c(\C=C3/C(=O)Nc4ccccc34)c2cc1O	-1
CCCCCCCCCCCCCCCCn1cc[n+](Cc2ccccc2)c1C	1
CCCCN1CN2c3c(sc4nc(SC)nc1c34)C(=O)C(C(=O)OCC)C2=O	-1
COc1ccc(cc1)-c1cn2c(n1)sc1cc(C)ccc21	1
O=C(CSc1ncccn1)N\N=C\c1ccccc1OCc1ccccc1	-1
Clc1ccc(Cn2cc(\C=N\n3cnnc3)c3ccccc23)cc1	-1
Clc1ccc(COc2ccccc2\C=N\c2c(nc3ccccn23)-c2ccco2)c(Cl)c1	-1
c1ccc(cc1)-c1c([nH]c2ccccc12)-c1[nH]c2ccccc2c1-c1ccccc1	-1
Sc1nc2sc3CCCc4ccc(cc4-c3c2c(=O)n1-c1ccccc1)N(=O)=O	-1
Oc1ccc(O)c(CNc2ccccc2)c1	-1
COc1ccccc1P(=B)(CCP1(=B)[C@@H](C)[C@@H](O)[C@H](O)[C@@H]1C)c1ccccc1	-1
CN(CCNC(=O)c1n[nH]c2c1ccc1ccccc21)CCNC(=O)c1n[nH]c2c1ccc1ccccc21	1
Cc1ccc(cc1)C1(OC(C)(C)c2cccc3cccc1c23)N1CCCC1	-1
COc1cc2c(NC(=O)[C@@H]3CCCN3C2=O)cc1OCCCCCOc1cc2N=C[C@@H]3CCCN3C(=O)c2cc1OC	1
C(CCCC\C=C/CCCN1O[C@@H](CCCCCCCCc2cccnc2)[C@H]2CCC[C@@H]12)CCCCc1cccnc1	-1
O=C(C=P(c1ccccc1)(c1ccccc1)c1ccccc1)c1cccc(c1)-c1cccc(c1)N(=O)=O	-1
C[n+]1c2ccccc2c2n1c1ccccc1\c2=C\C#N	1
C\C(=N/Nc1nc2ccccc2s1)c1ccccn1=O	-1
O=c1[nH]c2cc(c(Nc3c4ccccc4nc4ccccc34)c(c2[nH]1)N(=O)=O)N(=O)=O	-1
C[Si](C)(C)C#Cc1cc(ccc1N)-c1nc2ccccc2s1	-1
CC(CCC(O)=O)[C@H]1CCC2C3[C@@H](C[C@@H]4CC5(CC[C@]4(C)C3C[C@H](OC(C)=O)[C@]12C)OOC1(CCC(C)CC1)OO5)OC(C)=O	-1
CC(CCC(N)=O)[C@H]1CCC2C3[C@@H](C[C@@H]4CC5(CC[C@]4(C)C3C[C@H](OC(C)=O)[C@]12C)OOC1(CCC(C)CC1)OO5)OC(C)=O	-1
Brc1ccc(cc1)C(=O)CC1=NC2CCCCC2NC1=O	-1
Cc1c(C(=O)OCC=C)n(=O)c2cc(Cl)c(Cl)cc2n1=O	-1
CC(C)(O)C1CC[C@]2(C)CC[C@]3(C)[C@H](CC[C@@H]4[C@@]5(C)CC[C@H](O)C(C)(C)[C@@H]5CC[C@@]34C)[C@@H]12	-1
C1CN=C(N1)c1ccc(cc1)-c1ccc(s1)-c1nc2ccc(cc2s1)C1=NCCN1	1
CCOC(=O)C(C#N)C1C(C(=O)OCC)=C(N)Oc2ccc(Br)cc12	-1
CN(C)c1ccc(\C=c2/c3cc(-c4ccccc4)[n+](C)n3c3ccc(cc23)N(=O)=O)cc1	1
CN(C)c1ccc(\C=c2\c3ccccc3n3[n+](C)c4CCCCc4c23)cc1	1
CN(C)CCNc1ccc(C(=O)NCCCN(C)CCCNC(=O)c2ccc(NCCN(C)C)c3c2[nH]c2ccccc2c3=O)c2[nH]c3ccccc3c(=O)c12	1
CCn1c2ccc(O)c(C(=O)OC)c2c2cc3ccccc3c(O)c12	-1
COC(=O)c1c(O)ccc2n(Cc3ccccc3)c3c(C(=C)c4ccccc4C3=O)c12	-1
C\C(=N\O)c1cccc(Nc2nc3ccccc3c3[nH]c4ccccc4c23)c1	-1
ClC1=C(COC1=O)c1ccc(Cl)cc1	-1
COc1c(C)c(OC)c2C[C@H]3[C@@H]4N(C)[C@@H](Cc5c(OC)c(C)c(OC)c(O)c45)[C@H](C#N)N3[C@@H](CNC(=O)c3cnc4ccccc4n3)c2c1O	1
ClC1=Nc2nc3ccccc3n2C(C1C=O)c1ccccc1	-1
NC(=N)NN=Cc1c(nc2sccn12)-c1cccc(c1)N(=O)=O	1
COc1cc2nc(nc(Nc3cccc(c3)N(=O)=O)c2cc1OC)-c1cccs1	-1
COc1cc2c(cc1OCCCCN1CCN(CCCCOc3cc4N=C[C@@H]5CCCN5C(=O)c4cc3OC)CC1)N=C[C@@H]1CCCN1C2=O	1
COc1cc2c(NC[C@@H]3CCCN3C2=O)cc1OCCCOc1cc2N=C[C@@H]3CCCN3C(=O)c2cc1OC	1
O=C(CSCC(=O)N\N=C\c1cccs1)N\N=C\c1cccs1	-1
NCCNc1c2C(=O)c3ccccc3C(=O)c2c(NCCN)c2[nH]ccc12	1
OCCNCCNc1c2C(=O)c3ccccc3C(=O)c2c(NCCNCCO)c2[nH]ccc12	1
COc1cc2c3C(=O)c4cc5OCOc5cc4-c3n(CCCNCCNCCN)c(=O)c2cc1OC	1
Clc1ccc(cc1)C(\Sc1nc2ccccc2s1)=C\C=C(C#N)C#N	-1
CCOC(=O)C(=C/C=C(\Cl)c1ccc(Cl)cc1)\C#N	-1
CCCCNC(=N)c1ccc(cc1)N1CCN(CC1)c1ccc(cc1)C(=N)NCCCC	1
CCn1c2ccccc2c2cc(\C=C(\C#N)C(N)=S)ccc12	-1
COc1ccc2c(c1)[n+](C)n1c3ccccc3\c(=C\c3ccc(cc3)N(C)C)c21	1
CN(C)c1ccc(\C=c2\c3ccccc3n3[n+](C)c4ccc(F)cc4c23)cc1	1
C\C=C\[C@H]1O[C@H]2[C@H](C)OC(=O)C2=C[C@H]1O	-1
CCCCNC(=N)c1ccc(cc1)N1CCCN(CC1)c1ccc(cc1)C(=N)NCCCC	1
COc1cc2c(cc1OCCCN1CCN(CCCOc3cc4N=C[C@@H]5CCCC5C(=O)c4cc3OC)CC1)N=C[C@@H]1CCCC1C2=O	1
COc1cc2c(cc1OCCCCCN1CCN(CCCCCOc3cc4N=C[C@@H]5CCCC5C(=O)c4cc3OC)CC1)N=C[C@@H]1CCCC1C2=O	1
CO[C@H]1C[C@H]2CC(=O)[C@@H](C)[C@@H](OC(C)=O)[C@H](C)C(=C)C[C@H]3C[C@](C)(O)C[C@@]4(C[C@H](C[C@H](CC(=O)O[C@@H]5[C@@H](C)C(O[C@H](CC(=C)C[C@H](O)\C=C\C=C)[C@H]5O)[C@H](O)[C@]5(O)O[C@H](CCC\C=C/[C@H]6C[C@H](O)CC(C1)(O2)O6)[C@H](C)C=C5)O4)OC(C)=O)O3	1
Fc1cccc(Cl)c1Cn1c(nc2ccccc12)-c1c(F)cccc1Cl	-1
CN(C)Cc1c[nH]c2c(NCCN)c3C(=O)c4ccccc4C(=O)c3c(NCCN)c12	1
COC1C(CO)OC(C(O)C1OC(=O)C(N)CCCCN)n1c2ccccc2c2c3C(=O)NC(=O)c3c3c4ccccc4[nH]c3c12	1
COc1cc2c3\C(=C\[C@@H](N)CCCCN)c4cc5OCOc5cc4-c3n(C)c(=O)c2cc1OC	1
Cc1cccnc1CNC1CC(CC(C1)NCc1ncccc1C)NCc1ncccc1C	1
COc1cc2c3\C(=C\CNCCCN)c4cc5OCOc5cc4-c3n(C)c(=O)c2cc1OC	1
CC(=O)c1cc2OCOc2cc1Nc1c2c(Cl)coc2nc2ccccc12	-1
COC(=O)C1=CN(CC2=CC(=O)C(C)=CC2=O)C=C(C1c1ccccc1OC)C(=O)OC	-1
COC(=O)C1=CN(CC2=CC(=O)C(C)=CC2=O)C=C(C1c1cccc(OC)c1OC)C(=O)OC	-1
COC(=O)C1=CNC=C(C1C1=CC(=O)C(C)=CC1=O)C(=O)OC	-1
COc1ccc(OC)c(NC(=O)c2cccc(NC3=C(Cl)C(=O)N(Cc4ccccc4)C3=O)c2)c1	-1
CC(=O)c1c(n(=O)c2ccc(Cl)cc2n1=O)C(F)(F)F	-1
CC(C)c1c(O)c(O)c(C=O)c2c(O)c(c(C)cc12)-c1c(C)cc2c(C(C)C)c(O)c(O)c(C=O)c2c1O	-1
COc1cc2c3\C(=C\CCN)c4cc5OCOc5cc4-c3n(CCCN)c(=O)c2cc1OC	1
COc1cc(c(OC)cc1-c1nc2sc(Cl)cn2c1\C=N\NC1=NCCN1)N(=O)=O	1
NS(=O)(=O)c1ccc(cc1)-n1nc-2c(Cc3ccccc-23)c1-c1ccc(Cl)cc1	-1
Clc1ccc(cc1)C1C2Cc3ccccc3C2=NN1c1ccc(cc1)S(=O)(=O)NC(=O)NC1CCCCC1	-1
CCOC(=O)c1sc2c(C(=O)OCC)c(sc(=S)c2c1C(=O)OCC)C(=O)OCC	-1
COc1ccc(cc1)-c1nnc(\N=C2\NC(=O)\C(S2)=C2\C(=O)Nc3ccc(OC(F)(F)F)cc23)o1	-1
NC(=N)N\N=C\c1c(nc2ccccn12)-c1ccc(Cl)c(c1)N(=O)=O	1
O=C1CC\C(O1)=C\COc1cc(=O)oc2ccccc12	-1
Nc1ccccc1C#C\C=C/C#Cc1c(F)c(F)c(F)c(F)c1F	-1
COc1ccc2c(cc(=O)oc2c1C)N1CCN(CCCOc2cc3N=C[C@@H]4CCCN4C(=O)c3cc2OC)CC1	1
COc1cc2c(cc1OCCCCCN1CCN(CC1)c1cc(=O)oc3ccccc13)N=C[C@@H]1CCCN1C2=O	1
CSc1ccc(cc1)C1=NN(C(C1)c1ccc(F)cc1)C(=O)c1ccc(N)cc1	-1
FC(F)(F)c1c(C(=O)c2ccc3ccccc3c2)n(=O)c2cc(Cl)c(Cl)cc2n1=O	-1
CN(CCCN)CCCNc1nc2ccccc2c2[nH]c3ccccc3c12	1
CS(=O)(=O)c1ccc-2c(c1)C(=O)c1c-2n(CCCBr)c(=O)c2cc(ccc12)N(=O)=O	-1
COc1ccc2N(C)C(=O)\C(=C\c3c(nc4sc(C)cn34)-c3cc(OC)ccc3OC)c2c1	-1
Oc1cc2c(C(=O)c3ccccc3)c3NCCn3c2c2ccccc12	1
CCC[n+]1cc2cc3OCOc3cc2c2Cc3cc4OCOc4cc3-c12	1
N1c2ccncc2Sc2ccncc12	-1
FC(F)(F)c1ccc2c(c1)n(=O)c(c(C(=O)c1ccco1)n2=O)C(F)(F)F	-1
FC(F)(F)c1c(nc2cc(Cl)ccc2n1=O)C(=O)c1ccco1	-1
COc1cc2c3C(=O)c4cc(N)ccc4-c3n(CCCN)c(=O)c2cc1OC	1
CC(C)(C)OC(=O)NCCCCCCCCCCCCn1c2-c3ccccc3C(=O)c2c2ccccc2c1=O	-1
Fc1ccc2c(c1)n(=O)c(C(=O)c1ccccc1)c(n2=O)C(F)(F)F	-1
NCCCCCCCCn1c2-c3ccccc3C(=O)c2c2ccccc2c1=O	-1
C\C=C(/C)C(=O)O[C@H]1C=CC(=O)O[C@H]1CCC(=O)[C@H](C)O	-1
C\C=C(/C)C(=O)O[C@H]1C=CC(=O)O[C@H]1COC(=O)[C@H](C)O	-1
COc1ccc-2c(c1)C(=O)c1c-2n(CCCn2ccnc2)c(=O)c2ccccc12	-1
CCOC(=O)c1c(C)n(Cc2ccc(Cl)cc2Cl)c2-c3nc(Cc4ccccc4)[nH]c3C(=O)C(=O)c12	-1
FC(F)(F)c1ccc2c(c1)n(=O)c(c(C(=O)c1ccc3ccccc3c1)n2=O)C(F)(F)F	-1
COc1cc2c(cc1OCCCOc1cc3N=C[C@@H]4CC(F)(F)CN4C(=O)c3cc1OC)N=C[C@@H]1CC(F)(F)CN1C2=O	1
O=C(CCN1CCCN(CC1)c1cnc2ccccc2n1)c1csc2ccccc12	-1
CC(CCCN)Nc1cc(O)c(O)c2ccc(C)nc12	1
NS(=O)(=O)c1ccc(cc1)-n1ncc2c(Nc3ccccc3)ncnc12	-1
COc1ccc(NC(=O)n2nc(N)c3ccccc23)cc1OC	-1
CN(CCCN1CCN(C)CC1)Cc1cc(I)cc(C)c1O	-1
COc1cc2c(cc1OCCCCCN1CCN(CC1)c1ncnc3ccccc13)N=CC1CCCN1C2=O	1
CCCc1cc(=O)n2c(C(=O)Nc3ccccc3OC)c(sc2n1)C(=O)Nc1ccc(F)cc1	1
CN(C)c1ccc(cc1)-c1cc(no1)-c1ccc(Nc2nc(Nc3ccc(Cl)cc3)nc(Nc3ccc(Cl)cc3)n2)cc1	-1
Cc1ccc(cc1)S(=O)(=O)N(CCOc1ccc(cc1)C(\N)=N/Cl)CCOc1ccc(cc1)C(\N)=N\Cl	1
COc1cc2c(cc1OCCCCCn1c(nc3ccccc13)-c1ccco1)N=C[C@@H]1CCCN1C2=O	1
COc1cc(\C=C\C(=O)c2ccccc2O)ccc1OCCCOc1cc2N=C[C@@H]3CCCN3C(=O)c2cc1OC	1
Clc1ccc(cc1)C(=O)COc1cccc(\C=C2/CSc3ccccc3C2=O)c1	-1
COc1cc2c(cc1OCCCN1CCN(CCCOc3cc4N=C[C@@H]5C[C@@H](F)CN5C(=O)c4cc3OC)CC1)N=C[C@@H]1C[C@@H](F)CN1C2=O	1
COc1cc(ccc1OCCCCOc1cc2N=C[C@@H]3CCCN3C(=O)c2cc1OC)C1=NOC(C1)c1cc(OC)c(OC)c(OC)c1	1
CCOC(=O)c1sc(NC(=O)COc2cccc(\C=C3/CCc4cc(OC)ccc4C3=O)c2)nc1C	-1
COc1cc2c(cc1OCCCOC1=C=C=C(C=C1)c1ccc3n(c4ccc(cc4c3c1)-c1ccc(OCCCOc3cc4N=C[C@@H]5CCCN5C(=O)c4cc3OC)cc1)S(=O)(=O)c1ccc(C)cc1)N=C[C@@H]1CCCN1C2=O	1
Clc1nc(Cl)c2ncn(CC3(Cn4cnc5c(Cl)nc(Cl)nc45)COC3)c2n1	-1
Clc1ccc(-c2cn(c(n2)-c2ccccc2)-c2ccccc2)c(Cl)c1	-1
COc1cc(\C=C\C(=O)N2CCN(CC2)C(=O)c2cc(OC)c(OC)c(OC)c2)ccc1OCCCOc1cc2N=C[C@@H]3CCCN3C(=O)c2cc1OC	1
Oc1ccc(cc1)C(=NNc1cc(Cl)c(cc1N(=O)=O)N(=O)=O)c1ccc(O)cc1	-1
CC\C(=C(/c1ccc(O)cc1)c1ccc(OCCNC)cc1)c1ccccc1	-1
C=C(C=O)[C@H]1CCC(C=O)=CC1	-1
CC1(C)CC(CC(C)(C)N1O)OCCCC[P+](c1ccccc1)(c1ccccc1)c1ccccc1	1
COc1ccc(CCn2cnc3cc(NC(=O)CN4CCN(C)CC4)c(Oc4cc(C)cc(C)c4)cc3c2=O)cc1OC	-1
COc1ccc(cc1Nc1ccnc(c1)C(F)(F)F)C(=O)N\N=C\c1ccc(O)cc1O	1
Cc1c2CCc3ccccc3-c2nn1C(=O)c1nn(cc1O)-c1ccc(Cl)cc1	-1
C[n+]1c2c([nH]c3ccccc23)c(NC2CCNCC2)c2ccccc12	1
CC1(C)C(N(O)C(=O)Nc2ccc(Cl)cc2)N(C(=O)N1CC(=O)N\N=C\C=C\c1ccc(o1)N(=O)=O)c1ccc(Cl)cc1	1
CCN1C(=O)NC(=O)C(C)(N2C(=O)c3c(C2=O)c(F)c(F)c(F)c3F)C1=O	-1
